ship_contentful_id,ship_brm_code,ship_name,cabin_code,cabin_name,cabin_category,cabin_description,size_from,size_to,bed_type,window_type,has_balcony,contentful_id
ship_KH,KH,MS Kong Harald,CUA,"Unspecified Polar Outside, accessible",,"These comfortable, unspecified Polar Outside cabins can be found on middle or higher decks. All cabins are wheelchair accessible with wider door and accessible WC. Some offer separate beds where one converts into a sofa, others double beds. All cabins have windows, but may have limited or no view.",,,,,False,cg-KH-PO-CUA
ship_KH,KH,MS Kong Harald,CUB,Unspecified Arctic Superior cabin,,Our Arctic superior cabins all have private facilities and double beds.,,,,,False,cg-KH-AS-CUB
ship_KH,KH,MS Kong Harald,CUI,Unspecified Polar Inside cabin,,"These unspecified Polar Inside cabins can be found on lower, middle or higher decks.",,,,,False,cg-KH-PI-CUI
ship_KH,KH,MS Kong Harald,CUL,Unspecified Polar Outside with limited view,,"These comfortable, unspecified Polar Outside cabins can be found on lower, middle or higher decks. Some offer separate beds where one converts into a sofa, others double beds. Upper berths can be offered in cabins designed for up to three people.  The cabins may have portholes, or window with limite",,,,,False,cg-KH-PO-CUL
ship_KH,KH,MS Kong Harald,CUO,Unspecified Polar Outside with full view,,"These comfortable, unspecified Polar Outside cabins can be found on middle or higher decks. Some offer separate beds where one converts into a sofa, others double beds. Upper berths can be offered in cabins designed for up to three people.  All cabins have windows, but may have obstructed view.",,,,,False,cg-KH-PO-CUO
ship_KH,KH,MS Kong Harald,CUPO,Unspecified Polar Outside cabin (pet-friendly),,"These pet-friendly unspecified Polar Outside cabins can be found on lower or middle decks offering separate beds where one converts into a sofa. Upper berths can be offered in cabins designed for up to three people. The cabins may have portholes, or window with limited or no view.",,,,,False,7A78GxOqhnqqiztqnZxi6j
ship_KH,KH,MS Kong Harald,CUSP,Unspecified cabin for up to 3 people,,Unspecified cabin for up to 3 people.,,,,,False,6cWfGgIa85Ivq0Dw8JN2YW
ship_KH,KH,MS Kong Harald,I2,Twin on lower deck,,"These standard inside cabins sleep up to two guests. They have single twin beds, a private bathroom with shower, a chair, and a TV.",8,9,,,False,cg-KH-PI-I2
ship_KH,KH,MS Kong Harald,J2D,Double on upper or middle deck with window (restricted view),,"These standard outside cabins sleep up to two guests. They have a double bed, a private bathroom with shower, a TV, and a chair. These cabins have limited or no view, and those on Deck 5 look out on to the mid-level promenade deck.",11,11,,,False,cg-KH-PO-J2D
ship_KH,KH,MS Kong Harald,J3,Triple on upper or middle deck with window (restricted view),,"These standard outside cabins sleep up to three guests. They have single beds (one converts into a sofa, one is an upper berth), a private bathroom with shower and a TV. These cabins have limited or no view, and cabin 523 overlooks the mid-level promenade deck.",8,9,,,False,cg-KH-PO-J3
ship_KH,KH,MS Kong Harald,K3,Triple on middle and upper decks,,"These standard inside cabins sleep up to three guests. They have single beds (one converts into a sofa, one is an upper berth), a private bathroom with shower, and a TV.",8,9,,,False,cg-KH-PI-K3
ship_KH,KH,MS Kong Harald,L2,Twin on lower deck with porthole,,"These standard outside cabins sleep up to two guests. Each come with a private bathroom and shower, TV, chair, hair dryer and porthole windows.",10,11,,,False,cg-KH-PO-L2
ship_KH,KH,MS Kong Harald,L2D,Double on lower deck with porthole,,"These standard outside cabins sleep up to two guests. They have a double bed, a private bathroom with shower, a TV, a chair, a hair dryer and porthole windows.",11,11,,,False,cg-KH-PO-L2D
ship_KH,KH,MS Kong Harald,M3,Suite on middle deck,,"Our most luxurious option. These spacious and elegant two-room suites sleep up to three guests. They have a separate bedroom, a private bathroom with shower and toiletries, a seating area with sofabed and armchairs, a TV, and tea- and coffee-making facilities.",29,30,,,False,cg-KH-ES-M3
ship_KH,KH,MS Kong Harald,N2,Twin on lower deck with window,,"These standard outside cabins sleep up to two guests. They have single beds (one of which converts into a sofa), a private bathroom with shower, a chair, a TV, and a hair dryer.",11,12,,,False,cg-KH-PO-N2
ship_KH,KH,MS Kong Harald,N2D,Double on lower deck with window,,"These standard outside cabins sleep up to two guests. They have a double bed, a private bathroom with shower, a TV, a chair, and a hair dryer.",11,12,,,False,cg-KH-PO-N2D
ship_KH,KH,MS Kong Harald,O2D,Double on lower deck with window,,"These standard outside cabins sleep up to two guests. They have a double bed, a private bathroom with shower, a TV, a chair, and a hair dryer.",11,11,,,False,cg-KH-PO-O2D
ship_KH,KH,MS Kong Harald,O3,"Triple on lower, middle or upper deck with window",,"These standard outside cabins sleep up to three guests. They have single beds (one converts into a sofa, one is an upper berth), a private bathroom with shower, and a TV.",7,11,,,False,cg-KH-PO-O3
ship_KH,KH,MS Kong Harald,P2D,Double on middle deck with window,,"These comfortable outside cabins sleep up to two guests. They have a double bed, a private bathroom with shower, a chair, a TV, and tea- and coffee-making facilities.",8,11,,,False,cg-KH-AS-P2D
ship_KH,KH,MS Kong Harald,PETO,Unspecified pet cabin,,These cabins are customised for travellers with pets.,8,12,,,False,3JaVN6pldsXmqSR6EJ3wYj
ship_KH,KH,MS Kong Harald,SD,Accessible twin on lower deck with window,,"This spacious wheelchair-accessible cabin sleeps up to 2 people. It has a wider door, accessible bathroom, adjustable bed, a chair, TV and hairdryer.We have a limited number of wheelchair accessible cabins, so we ask that they are booked by guests who require these cabins.",16,17,,,False,cg-KH-PO-SD
ship_KH,KH,MS Kong Harald,U2D,Double on upper deck with window,,"These comfortable outside cabins sleep up to two guests. They have a double bed, a private bathroom with shower, a chair, a TV, and tea- and coffee-making facilities.",11,11,,,False,cg-KH-AS-U2D
ship_KH,KH,MS Kong Harald,UNI3,Unspecified cabin for up to 3 people,,"These unspecified Polar Inside cabins for up to three people have bathrooms with shower/WC. Bunk beds, one of which converts into a sofa.",,,,,False,cg-KH-PI-UNI3
ship_KH,KH,MS Kong Harald,UNL1,Unspecified cabin for one traveller,,"These comfortable, outside cabins for one person on the lower or middle decks have a single bed. The cabins may have portholes, with limited or no view.",,,,,False,cg-KH-PO-UNL1
ship_KH,KH,MS Kong Harald,UNL3,Unspecified cabin for up to 3 travellers,,"These comfortable, outside cabins for three people on the lower or middle decks offer separate beds, one of which converts into a sofa, or upper and lower berths. The cabins may have portholes, with limited or no view.",,,,,False,cg-KH-PO-UNL3
ship_KH,KH,MS Kong Harald,UNO3,Unspecified cabin for up to 3 travellers,,"These comfortable, unspecified outside cabins on the middle or higher deck have double beds, separate beds (one of which is a sofa bed) or upper and lower berths. All have bathrooms with shower/WC.",,,,,False,cg-KH-PO-UNO3
ship_KH,KH,MS Kong Harald,UNS4,Unspecified suite for up to 4 travellers,,"These unspecified suites for four people on the upper deck have TV, and bathrooms with shower/WC.",,,,,False,cg-KH-ES-UNS4
ship_KH,KH,MS Kong Harald,USD,Unspecified wheelchair accessible cabin for two people,,"Wheelchair accessible room for up to two people with wider door, accessible WC and adjusted bed.",16,17,,,False,cg-KH-PO-USD
ship_KH,KH,MS Kong Harald,USP,Unspecified cabin for 2 people,,Unspecified polar inside cabin for 2 people,,,,,False,cg-KH-PI-USP
ship_KH,KH,MS Kong Harald,USP3,Unspecified cabin for up to 3 people,,Unspecified polar inside cabin for up to 3 people,,,,,False,cg-KH-PI-USP3
ship_KH,KH,MS Kong Harald,USPB,Unspecified Arctic Superior twin,,"Our Arctic superior cabins grades all have private facilities. Some have double beds, and others have bunk beds.",,,,,False,cg-KH-AS-USPB
ship_KH,KH,MS Kong Harald,USPD,Unspecified Arctic Superior double,,"Our Arctic superior cabins all have private facilities, and double beds.",,,,,False,cg-KH-AS-USPD
ship_KH,KH,MS Kong Harald,USPI,Unspecified Polar Inside cabin,,These unspecified Polar Inside cabins for two people have bathrooms with shower/WC.,,,,,False,cg-KH-PI-USPI
ship_KH,KH,MS Kong Harald,USPL,Unspecified cabin with limited view,,"These comfortable, outside cabins on the lower or middle decks offer separate beds, one of which converts into a sofa, or upper and lower berths. The cabins may have portholes, and limited or no view.",,,,,False,cg-KH-PO-USPL
ship_KH,KH,MS Kong Harald,USPO,Unspecified cabin with full view,,"These comfortable, unspecified outside cabins for two people on the middle or higher decks have bathrooms with shower/WC. Some have bunk beds (one a sofa bed) or upper and lower berths.",,,,,False,cg-KH-PO-USPO
ship_KH,KH,MS Kong Harald,USPS,Unspecified suite,,"These unspecified suites on the upper deck have TV, and bathrooms with shower/WC.",,,,,False,cg-KH-ES-USPS
ship_NK,NK,MS Nordkapp,CUA,Unspecified Polar Outside accessible,,"These comfortable, unspecified Polar Outside cabins can be found on middle or higher decks. All cabins are wheelchair accessible with wider door and accessible toilet. Some offer separate beds where one converts into a sofa. All cabins have windows, but may have limited or no view.",,,,,False,cg-NK-PO-CUA
ship_NK,NK,MS Nordkapp,CUB,Unspecified Arctic Superior cabin,,"Our Arctic superior cabins all have private facilities, and double or seperate beds.",,,,,False,cg-NK-AS-CUB
ship_NK,NK,MS Nordkapp,CUI,Unspecified Polar Inside cabin,,"These unspecified Polar Inside cabins can be found on lower, middle or higher decks.",,,,,False,cg-NK-PI-CUI
ship_NK,NK,MS Nordkapp,CUL,Unspecified Polar Outside with limited view,,"These comfortable, unspecified Polar Outside cabins can be found on lower, middle or higher decks. Some offer separate beds where one converts into a sofa, others double beds. Upper berths can be offered in cabins designed for up to three people.  The cabins may have portholes, or window with limite",,,,,False,cg-NK-PO-CUL
ship_NK,NK,MS Nordkapp,CUO,Unspecified Polar Outside with full view,,"These comfortable, unspecified Polar Outside cabins can be found on middle or higher decks. Some offer separate beds where one converts into a sofa, others double beds. Upper berths can be offered in cabins designed for up to three people.  All cabins have windows, but may have obstructed view.",,,,,False,cg-NK-PO-CUO
ship_NK,NK,MS Nordkapp,CUPO,Unspecified Polar Outside (pet-friendly),,"These pet-friendly unspecified Polar Outside cabins can be found on lower or middle decks offering separate beds where one converts into a sofa. Upper berths can be offered in cabins designed for up to three people. The cabins may have portholes, or window with limited or no view.",,,,,False,cg-NK-PO-CUPO
ship_NK,NK,MS Nordkapp,CUSP,Unspecified cabin for up to 3 people,,Unspecified cabin for up to 3 people.,,,,,False,7CCIpU0b0yHgH1mFdBV85L
ship_NK,NK,MS Nordkapp,I2,Twin on lower deck,,"These comfortable, standard inside cabins for up to two people on the lower deck have separate beds, a chair, desk, and TV.",11,12,,,False,cg-NK-PI-I2
ship_NK,NK,MS Nordkapp,J2D,Double on upper or promenade deck with window (restricted view),,"These comfortable, refurbished outside cabins for up to 2 people have double bed, a TV, a chair and small desk. The cabins come with a window for natural light, but have limited or no view.",8,11,,,False,cg-NK-PO-J2D
ship_NK,NK,MS Nordkapp,J3,Triple on upper deck with window (restricted view),,"These comfortable, refurbished outside cabins for up to 3 people have separate beds, one of which converts into a sofa, and a TV. All come with a window for natural light, but have limited or no view.",8,9,,,False,cg-NK-PO-J3
ship_NK,NK,MS Nordkapp,K3,Triple on promenade deck,,"These comfortable, refurbished standard inside cabins for up to 3 people have single beds, one of which converts into a sofa, private bathroom and a TV.",9,11,,,False,cg-NK-PI-K3
ship_NK,NK,MS Nordkapp,L2,Twin on lower deck with porthole,,"These comfortable outside cabins for up to 2 people have separate beds, one of which can be turned into a sofa, and a chair. The cabins have portholes for natural light, but with limited or no view.",11,11,,,False,cg-NK-PO-L2
ship_NK,NK,MS Nordkapp,L2D,Double on lower deck with porthole,,"These comfortable outside cabins for up to 2 people have a double bed, a chair and a TV. The cabins have portholes for natural light, but with limited or no view. Please note these cabins may experience noise.",11,11,,,False,cg-NK-PO-L2D
ship_NK,NK,MS Nordkapp,M4,Two-bed suite on promenade deck,,"Our most premium cabins. These elegant, refurbished suites situated on the mid-level walking deck have separate bedroom a seating area with a sofa that converts into a double bed. They also come with free Wi-Fi, TV, hairdryer, bathrobes, blanket, and espresso machine.",25,25,,,False,cg-NK-ES-M4
ship_NK,NK,MS Nordkapp,M4,Suite for up to 4 travelers,,"These elegant, refurbished suites situated on the upper deck have separate bedroom, double bed, a seating area with a sofa that converts into a double bed, 3 chairs, free Wi-Fi, TV, hairdryer, bathrobes, blanket, and coffee and tea facilities.",28,30,,,False,6SFGHTZ3PtC3ranNEtvjKv
ship_NK,NK,MS Nordkapp,N2,Twin on lower deck with window,,"These standard outside cabins for up to 2 people have twin beds, mini sofa and a desk.",11,11,,,False,cg-NK-PO-N2
ship_NK,NK,MS Nordkapp,N2D,Double on lower deck with window,,"These standard outside cabins for up to 2 people have double bed, minisofa and a desk.",11,11,,,False,cg-NK-PO-N2D
ship_NK,NK,MS Nordkapp,N3,Triple on lower deck with window,,"These standard outside cabins for up to 3 people have single beds, one of which is an upper berth, minisofa, desk, and TV.",8,11,,,False,cg-NK-PO-N3
ship_NK,NK,MS Nordkapp,O2D,Double on lower deck with window,,"These comfortable, refurbished cabins for up to 2 people have a double bed, minisofa and a TV.",11,11,,,False,cg-NK-PO-O2D
ship_NK,NK,MS Nordkapp,O3,Triple on promenade or upper deck with window,,"These comfortable, refurbished cabins for up to 3 people have single beds, one of which can be turned into a sofa, and TV. All cabins come with window for natural light, but some have a limited view.",8,11,,,False,cg-NK-PO-O3
ship_NK,NK,MS Nordkapp,P2D,Double on promenade deck with window,,"These comfortable, refurbished outside cabins on the mid-level walking deck for up to 2 people have a double bed, a chair, a small desk, TV, and coffee and tea facilities.",11,11,,,False,cg-NK-AS-P2D
ship_NK,NK,MS Nordkapp,PETO,Unspecified pet cabin,,These cabins are customised for travellers with pets.,8,12,,,False,cg-NK-PO-PETO
ship_NK,NK,MS Nordkapp,Q2,Mini suite on upper deck,,"These comfortable, refurbished mini suites for up to 2 people have a double bed, seating area, free Wi-Fi, TV, hair dryer, bathrobes, and espresso machine.",17,22,,,False,cg-NK-ES-Q2
ship_NK,NK,MS Nordkapp,Q4,Two-bed mini suite on upper deck,,"These comfortable, refurbished suites for up to 4 people have a double bed, seating area with sofabed, free Wi-Fi, TV, hairdryer, bathrobes, and espresso machine.",22,23,,,False,cg-NK-ES-Q4
ship_NK,NK,MS Nordkapp,SD,Accessible twin on lower deck with window,,"This wheelchair-accessible cabin for up to 2 people have a wider door, accessible WC and adjusted bed, as well as a small sofa, a table, desk and hairdryer.(We have a limited number of wheelchair accessible cabins, so we ask that they are booked by guests who require these cabins. Please inform us i",16,17,,,False,cg-NK-PO-SD
ship_NK,NK,MS Nordkapp,U2D,Double on upper deck with window,,"These comfortable, refurbished outside cabins for up to 2 people have a double bed, a chair and small desk, TV, and coffee and tea facilities. All come with a window, but cabins 612, 614 and 616 have a limited view.",11,11,,,False,cg-NK-AS-U2D
ship_NK,NK,MS Nordkapp,UNI3,Unspecified cabin for up to 3 people,,"These unspecified Polar Inside cabins for up to three people have bathrooms with shower/WC. Bunk beds, one of which converts into a sofa.",,,,,False,cg-NK-PI-UNI3
ship_NK,NK,MS Nordkapp,UNL3,Unspecified cabin for up to 3 travellers,,"These comfortable, outside cabins for three people on the lower or middle decks offer separate beds, one of which converts into a sofa, or upper and lower berths. The cabins may have portholes, with limited or no view.",,,,,False,cg-NK-PO-UNL3
ship_NK,NK,MS Nordkapp,UNO3,Unspecified cabin for up to 3 travellers,,"These comfortable, unspecified outside cabins on the middle or higher deck have double beds, separate beds (one of which is a sofa bed) or upper and lower berths. All have bathrooms with shower/WC.",,,,,False,cg-NK-PO-UNO3
ship_NK,NK,MS Nordkapp,UNS4,Unspecified suite for up to 4 travellers,,"These unspecified suites for four people on the upper deck have TV, and bathrooms with shower/WC.",,,,,False,cg-NK-ES-UNS4
ship_NK,NK,MS Nordkapp,USD,Unspecified wheelchair-accessible cabin for two people,,"Wheelchair-accessible room for up to two people with wider door, accessible WC, and adjusted bed.",16,17,,,False,cg-NK-PO-USD
ship_NK,NK,MS Nordkapp,USP,Unspecified cabin for 2 people,,Unspecified polar inside cabin for 2 people,,,,,False,cg-NK-PI-USP
ship_NK,NK,MS Nordkapp,USP3,Unspecified cabin for up to 3 people,,Unspecified polar inside cabin for up to 3 people,,,,,False,cg-NK-PI-USP3
ship_NK,NK,MS Nordkapp,USPB,Unspecified Arctic Superior twin,,"Our Arctic superior cabins grades all have private facilities. Some have double beds, and others have bunk beds.",,,,,False,cg-NK-AS-USPB
ship_NK,NK,MS Nordkapp,USPD,Unspecified Arctic Superior double,,"Our Arctic superior cabins all have private facilities, and double beds.",,,,,False,cg-NK-AS-USPD
ship_NK,NK,MS Nordkapp,USPI,Unspecified Polar Inside cabin,,These unspecified Polar Inside cabins for two people have bathrooms with shower/WC.,,,,,False,cg-NK-PI-USPI
ship_NK,NK,MS Nordkapp,USPL,Unspecified cabin with limited view,,"These comfortable, outside cabins on the lower or middle decks offer separate beds, one of which converts into a sofa, or upper and lower berths. The cabins may have portholes, and limited or no view.",,,,,False,cg-NK-PO-USPL
ship_NK,NK,MS Nordkapp,USPO,Unspecified cabin with full view,,"These comfortable, unspecified outside cabins for two people on the middle or higher decks have bathrooms with shower/WC. Some have bunk beds (one a sofa bed) or upper and lower berths.",,,,,False,cg-NK-PO-USPO
ship_NK,NK,MS Nordkapp,USPS,Unspecified suite,,"These unspecified suites on the upper deck have TV, and bathrooms with shower/WC.",,,,,False,cg-NK-ES-USPS
ship_NL,NL,MS Nordlys,CUA,"Unspecified Polar Outside, Accessible Cabin",,"These comfortable, unspecified Polar Outside cabins can be found on middle or higher decks. All cabins are wheelchair accessible with wider door and accessible WC. Some offer separate beds where one converts into a sofa, others double beds. All cabins have windows, but may have limited or no view.",,,,,False,cg-NL-PO-CUA
ship_NL,NL,MS Nordlys,CUB,Unspecified Arctic Superior cabin,,"Our Arctic superior cabins all have private facilities, and double or seperate beds.",,,,,False,cg-NL-AS-CUB
ship_NL,NL,MS Nordlys,CUI,Unspecified Polar Inside cabin,,"These unspecified Polar Inside cabins can be found on lower, middle or higher decks.",,,,,False,cg-NL-PI-CUI
ship_NL,NL,MS Nordlys,CUL,Unspecified Polar Outside with limited view,,"These comfortable, unspecified Polar Outside cabins can be found on lower, middle or higher decks. Some offer separate beds where one converts into a sofa, others double beds. Upper berths can be offered in cabins designed for up to three people.  The cabins may have portholes, or window with limite",,,,,False,cg-NL-PO-CUL
ship_NL,NL,MS Nordlys,CUO,Unspecified Polar Outside with full view,,"These comfortable, unspecified Polar Outside cabins can be found on middle or higher decks. Some offer separate beds where one converts into a sofa, others double beds. Upper berths can be offered in cabins designed for up to three people.  All cabins have windows, but may have obstructed view.",,,,,False,cg-NL-PO-CUO
ship_NL,NL,MS Nordlys,CUPO,Unspecified Polar Outside cabin (pet-friendly),,"These pet-friendly unspecified Polar Outside cabins can be found on lower or middle decks offering separate beds where one converts into a sofa. Upper berths can be offered in cabins designed for up to three people. The cabins may have portholes, or window with limited or no view.",,,,,False,cg-NL-PO-CUPO
ship_NL,NL,MS Nordlys,CUSP,Unspecified cabin for up to 3 people,,Unspecified cabin for up to 3 people.,,,,,False,70ceXc4bE35sh6mAJqNLjF
ship_NL,NL,MS Nordlys,I2,Twin on lower or middle deck,,"These comfortable, standard inside cabins for up to two people have private bathrooms and twin beds, one of which converts into a sofa.",8,11,,,False,cg-NL-PI-I2
ship_NL,NL,MS Nordlys,J2,Twin on middle or upper deck with window (restricted view),,"These comfortable outside cabins for up to two people have separate beds, one of which converts into a sofa, and private bathroom. They have windows for natural light, but with limited or no view.",8,9,,,False,cg-NL-PO-J2
ship_NL,NL,MS Nordlys,J2D,Double on middle or upper deck with window (restricted view),,"These refurbished outside cabins sleep up to 2 people in a double bed. They comes with a private bathroom, chair, TV and hair dryer. The cabins have a window for natural light, but with limited or no view.",11,12,,,False,cg-NL-PO-J2D
ship_NL,NL,MS Nordlys,L2,Twin on lower deck with window or porthole,,"These comfortable outside cabins for up to 2 people have separate beds, one of which converts into a sofa, and private bathrooms with shower. Most cabins in this grade have portholes - opt for cabin 309, 310, 311 or 312 if you'd prefer a window with a full view of the coast.",8,12,,,False,cg-NL-PO-L2
ship_NL,NL,MS Nordlys,M4,Two-bed suite on promenade deck,,"Our most luxurious option. These spacious suite for up to 4 guests have separate bedroom, living area with sofa bed, minibar and TV.",27,27,,,False,cg-NL-ES-M4
ship_NL,NL,MS Nordlys,MG4,Two-bed suite on upper deck,,"These exclusive suites sleep up to 4 guests, with a double bed, sofabed and seating area, mini bar and TV. They also boast a bay window with a full view of the coast.",26,26,,,False,cg-NL-ES-MG4
ship_NL,NL,MS Nordlys,N2,Twin on promenade deck with window,,"These refurbished outside cabins located on the mid-level walking deck sleep up to 2 guests. They come with twin beds, private bathroom with shower, and a TV. Please note that cabins 543, 545 and 546 may experience noise from the outside doors.",8,9,,,False,cg-NL-PO-N2
ship_NL,NL,MS Nordlys,N2D,Double on lower deck with window,,"These refurbished outside cabins sleep up to  2 guests in a double bed. They come with a private bathroom with shower and a TV. Both cabins in this grade are inter-connected, making them a great choice for families.",11,11,,,False,cg-NL-PO-N2D
ship_NL,NL,MS Nordlys,N3,Triple on lower deck with window,,"These refurbished outside cabins sleep up to 3 guests in separate berths (one converts to a sofa, one is an upper berth). All come with private bathroom and shower, and a TV. Please note that cabins 337, 339 and 341 may experience noise and vibration.",11,12,,,False,cg-NL-PO-N3
ship_NL,NL,MS Nordlys,O2,Twin on upper deck with window,,"These comfortable outside cabins sleep up to 2 people in twin beds, one of which converts into a sofa. They come with private bathroom and shower, TV and window with a view of the coast.",8,11,,,False,cg-NL-PO-O2
ship_NL,NL,MS Nordlys,O3,Triple on lower deck with window,,"These outside cabins sleep up to 3 people. The cabin has a single bed/sofa with two pullman beds, full view and TV.",11,12,,,False,cg-NL-PO-O3
ship_NL,NL,MS Nordlys,P2,Twin on promenade deck with window,,"These comfortable outside cabins for up to 2 people have a private bathroom with shower and separate twin beds, one of which doubles as a sofa.",11,12,,,False,cg-NL-AS-P2
ship_NL,NL,MS Nordlys,P2D,Double on promenade deck with window,,"These comfortable cabins on the mid-level walking deck sleep up to 2 people, with double bed, private bathroom and TV.",8,12,,,False,cg-NL-AS-P2D
ship_NL,NL,MS Nordlys,PETO,Unspecified pet cabin,,These cabins are customised for travellers with pets.,8,12,,,False,cg-NL-PO-PETO
ship_NL,NL,MS Nordlys,Q2,Mini suite on upper deck,,"These comfortable suites have a double bed, TV, minibar, bathroom with shower, and great view. Please note that suite 643 is wheelchair accessible; please contact us to book.",17,22,,,False,cg-NL-ES-Q2
ship_NL,NL,MS Nordlys,Q4,Mini suite on upper or promenade deck,,"Our mini suites come with a double bed and sofa bed, minibar and TV. Please note that cabins 517, 518, 605 and 606 have two smaller windows.",17,22,,,False,cg-NL-ES-Q4
ship_NL,NL,MS Nordlys,SD,Accessible twin on lower deck with window,,"Our wheelchair-accessible cabin sleeps up to two people in twin beds. It comes with a wider door, accessible toilet and adjusted bed. We have a limited number of wheelchair accessible cabins, so we ask that they are booked by guests who require these cabins.",16,17,,,False,cg-NL-PO-SD
ship_NL,NL,MS Nordlys,U2D,Double on upper deck with window,,"These comfortable cabins for 2 people come with double bed, private bathroom and TV.",10,11,,,False,cg-NL-AS-U2D
ship_NL,NL,MS Nordlys,UNL3,Unspecified cabin for up to 3 travellers,,"These comfortable, outside cabins for three people on the lower or middle decks offer separate beds, one of which converts into a sofa, or upper and lower berths. The cabins may have portholes, with limited or no view.",,,,,False,cg-NL-PO-UNL3
ship_NL,NL,MS Nordlys,UNO3,Unspecified cabin for up to 3 travellers,,"These comfortable, unspecified outside cabins on the middle or higher deck have double beds, separate beds (one of which is a sofa bed) or upper and lower berths. All have bathrooms with shower/WC.",,,,,False,cg-NL-PO-UNO3
ship_NL,NL,MS Nordlys,USD,Unspecified wheelchair-accessible cabin for two people,,"Wheelchair-accessible room for up to two people with wider door, accessible WC and adjusted bed.",16,17,,,False,cg-NL-PO-USD
ship_NL,NL,MS Nordlys,USP,Unspecified cabin for 2 people,,Unspecified polar inside cabin for 2 people,,,,,False,cg-NL-PI-USP
ship_NL,NL,MS Nordlys,USP3,Unspecified cabin for up to 3 people,,Unspecified polar inside cabin for up to 3 people,,,,,False,cg-NL-PI-USP3
ship_NL,NL,MS Nordlys,USPB,Unspecified Arctic Superior twin,,"Our Arctic superior cabins grades all have private facilities. Some have double beds, and others have bunk beds.",,,,,False,cg-NL-AS-USPB
ship_NL,NL,MS Nordlys,USPD,Unspecified Arctic Superior double,,"Our Arctic superior cabins all have private facilities, and double beds.",,,,,False,cg-NL-AS-USPD
ship_NL,NL,MS Nordlys,USPI,Unspecified Polar Inside cabin,,These unspecified Polar Inside cabins for two people have bathrooms with shower/WC.,,,,,False,cg-NL-PI-USPI
ship_NL,NL,MS Nordlys,USPL,Unspecified cabin with limited view,,"These comfortable, outside cabins on the lower or middle decks offer separate beds, one of which converts into a sofa, or upper and lower berths. The cabins may have portholes, and limited or no view.",,,,,False,cg-NL-PO-USPL
ship_NL,NL,MS Nordlys,USPO,Unspecified cabin with full view,,"These comfortable, unspecified outside cabins for two people on the middle or higher decks have bathrooms with shower/WC. Some have bunk beds (one a sofa bed) or upper and lower berths.",,,,,False,cg-NL-PO-USPO
ship_NL,NL,MS Nordlys,USPS,Unspecified suite,,"These unspecified suites on the upper deck have TV, and bathrooms with shower/WC.",,,,,False,cg-NL-ES-USPS
ship_NN,NN,MS Nordnorge,CUA,"Unspecified Polar Outside, Accessible Cabin",,"These comfortable, unspecified Polar Outside cabins can be found on middle or higher decks. All cabins are wheelchair accessible with wider door and accessible WC. Some offer separate beds where one converts into a sofa, others double beds. All cabins have windows, but may have limited or no view.",,,,,False,cg-NN-PO-CUA
ship_NN,NN,MS Nordnorge,CUB,Unspecified Arctic Superior cabin,,"Our Arctic superior cabins all have private facilities, and double or seperate beds.",,,,,False,cg-NN-AS-CUB
ship_NN,NN,MS Nordnorge,CUI,Unspecified Polar Inside cabin,,"These unspecified Polar Inside cabins can be found on lower, middle or higher decks.",,,,,False,cg-NN-PI-CUI
ship_NN,NN,MS Nordnorge,CUL,Unspecified Polar Outside with limited view,,"These comfortable, unspecified Polar Outside cabins can be found on lower, middle or higher decks. Some offer separate beds where one converts into a sofa, others double beds. Upper berths can be offered in cabins designed for up to three people.  The cabins may have portholes, or window with limite",,,,,False,cg-NN-PO-CUL
ship_NN,NN,MS Nordnorge,CUO,Unspecified Polar Outside with full view,,"These comfortable, unspecified Polar Outside cabins can be found on middle or higher decks. Some offer separate beds where one converts into a sofa, others double beds. Upper berths can be offered in cabins designed for up to three people.  All cabins have windows, but may have obstructed view.",,,,,False,cg-NN-PO-CUO
ship_NN,NN,MS Nordnorge,CUPO,Unspecified Polar Outside cabin (pet-friendly),,"These pet-friendly unspecified Polar Outside cabins can be found on lower or middle decks offering separate beds where one converts into a sofa. Upper berths can be offered in cabins designed for up to three people. The cabins may have portholes, or window with limited or no view.",,,,,False,cg-NN-PO-CUPO
ship_NN,NN,MS Nordnorge,CUSP,Unspecified cabin for up to 3 people,,Unspecified cabin for up to 3 people.,,,,,False,4yxrvt7F1svXe1E4vUIoZM
ship_NN,NN,MS Nordnorge,I2,Twin on lower deck,,"These comfortable inside cabins for up to 2 people have twin beds, a chair, TV and a hairdryer.",8,11,,,False,cg-NN-PI-I2
ship_NN,NN,MS Nordnorge,J2D,Double on upper or promenade deck with window (restricted view),,"These comfortable, refurbished outside cabins for up to 2 people have double beds, TV,  chair, small desk, and a hairdryer. They all have a window, but have limited or no view.",11,11,,,False,cg-NN-PO-J2D
ship_NN,NN,MS Nordnorge,J3,Triple on upper deck with window (restricted view),,"These comfortable, refurbished outside cabins for up to 3 people have single beds, one of which converts into a sofa, a chair, TV, and a hairdryer. Some have coffee and tea facilities. The cabins have limited or no view.",9,9,,,False,cg-NN-PO-J3
ship_NN,NN,MS Nordnorge,K3,Triple on upper deck,,"These comfortable inside cabins for up to 3 people have separate single beds, one of which converts into a sofa, private bathroom and a TV.",9,9,,,False,cg-NN-PI-K3
ship_NN,NN,MS Nordnorge,L2,Twin on lower deck with porthole,,"These comfortable outside cabins for up to 2 people have twin beds, a chair, TV, and a hairdryer. Most cabins have a porthole for natural light, but cabins 343 and 356 have a window.",9,11,,,False,cg-NN-PO-L2
ship_NN,NN,MS Nordnorge,L2D,Double on lower deck with porthole,,"These comfortable outside cabins for up to 2 people have double bed, a chair, TV, and a hairdryer. Most cabins have portholes for natural light, but cabins 309, 310, 311 and 312 have a window. Please note these cabins may experience noise and vibration.",11,11,,,False,cg-NN-PO-L2D
ship_NN,NN,MS Nordnorge,L3,Triple on lower deck with window,,"These comfortable outside cabins for up to 3 people have single beds, one of which converts into a sofa, a chair, TV, and a hairdryer.",11,11,,,False,cg-NN-PO-L3
ship_NN,NN,MS Nordnorge,M4,Two-bed suite on promenade deck,,"Our most luxurious cabins. These elegant, refurbished suites for up to 4 people come with separate bedroom and a spacious lounge area with sofabed, plus Wi-Fi, TV, hairdryer, bathrobes, fridge, and espresso machine.",27,27,,,False,cg-NN-ES-M4
ship_NN,NN,MS Nordnorge,N2,Twin on lower deck with window,,"These standard outside cabins for up to 2 people have two single beds, one of which converts into a sofa, a chair and desk, and a hairdryer.",11,11,,,False,cg-NN-PO-N2
ship_NN,NN,MS Nordnorge,N2D,Double on lower deck with window,,"These standard outside cabins for up to 2 people have double bed, a sofa and desk, and a hairdryer.",11,11,,,False,cg-NN-PO-N2D
ship_NN,NN,MS Nordnorge,N3,Triple on middle deck with window,,"These comfortable outside cabins for up to 3 people have single beds, a chair, TV, and a hairdryer.",11,11,,,False,cg-NN-PO-N3
ship_NN,NN,MS Nordnorge,O2,Twin on middle deck with window ,,"These comfortable, refurbished cabins for up to 2 people on have two single beds, a chair and desk, and a hairdryer.",10,12,,,False,cg-NN-PO-O2
ship_NN,NN,MS Nordnorge,O2D,Double on lower deck with window,,"These comfortable, refurbished cabins for up to 2 people have a double bed, chair, TV, and a hair dryer.",11,11,,,False,cg-NN-PO-O2D
ship_NN,NN,MS Nordnorge,O3,Triple on promenade or upper deck with window,,"These comfortable cabins for up to 3 people have single beds, one of which converts into a sofa, a chair, TV, and a hairdryer.",8,11,,,False,cg-NN-PO-O3
ship_NN,NN,MS Nordnorge,P2D,Double on promenade deck with window,,"These comfortable, refurbished outside cabins for up to 2 people have a double bed, a chair and small desk, TV, hairdryer, and coffee and tea facilities. Please note that the view from cabins 526, 528, 530, 532, 534 and 536 may be limited because of the lifeboats.",11,11,,,False,cg-NN-AS-P2D
ship_NN,NN,MS Nordnorge,PETO,Unspecified pet cabin,,These cabins are customised for travellers with pets.,,,,,False,cg-NN-PO-PETO
ship_NN,NN,MS Nordnorge,Q2,Mini suite on promenade or upper deck,,"These comfortable, refurbished suites for up to 2 people have a double bed, and most have lounge areas with a sofa groups. They also come with Wi-Fi, TV, hair dryer, bathrobes, and an espresso machine.",17,22,,,False,cg-NN-ES-Q2
ship_NN,NN,MS Nordnorge,Q4,Two-bed mini suite on upper deck,,"These comfortable, refurbished suites for up to 4 people have a double bed, lounge area with sofa bed, Wi-Fi, TV, hairdryer, bathrobes, and espresso machine.",22,22,,,False,cg-NN-ES-Q4
ship_NN,NN,MS Nordnorge,QJ,Large double on upper deck with window (restricted view),,"These comfortable, refurbished and spacious cabins for up to 2 people have a double bed, seating area, TV, and a hairdryer. They come with windows for natural light, but the view is limited.",17,22,,,False,cg-NN-AS-QJ
ship_NN,NN,MS Nordnorge,SD,Accessible twin on lower deck with window,,"This wheelchair-accessible cabin for up to 2 people has a wider door, accessible toilet and adjusted bed. We have a limited number of wheelchair accessible cabins, so we ask that they are booked by guests who require these cabins.",16,17,,,False,cg-NN-PO-SD
ship_NN,NN,MS Nordnorge,U2D,Double on upper deck with window,,"These comfortable, refurbished outside cabins for up to 2 people have a double bed, a chair and small desk, TV, hairdryer, and coffee and tea facilities. Please note that the view from cabin 614 is limited.",11,11,,,False,cg-NN-AS-U2D
ship_NN,NN,MS Nordnorge,UNI3,Unspecified cabin for up to 3 people,,"These unspecified Polar Inside cabins for up to three people have bathrooms with shower/WC. Bunk beds, one of which converts into a sofa.",,,,,False,cg-NN-PI-UNI3
ship_NN,NN,MS Nordnorge,UNL3,Unspecified cabin for up to 3 travellers,,"These comfortable, outside cabins for three people on the lower or middle decks offer separate beds, one of which converts into a sofa, or upper and lower berths. The cabins may have portholes, with limited or no view.",,,,,False,cg-NN-PO-UNL3
ship_NN,NN,MS Nordnorge,UNO3,Unspecified cabin for up to 3 travellers,,"These comfortable, unspecified outside cabins on the middle or higher deck have double beds, separate beds (one of which is a sofa bed) or upper and lower berths. All have bathrooms with shower/WC.",,,,,False,cg-NN-PO-UNO3
ship_NN,NN,MS Nordnorge,USD,Unspecified wheelchair-accessible cabin for two people,,"Wheelchair-accessible room for up to two people with wider door, accessible WC and adjusted bed.",16,17,,,False,cg-NN-PO-USD
ship_NN,NN,MS Nordnorge,USP,Unspecified cabin for 2 people,,Unspecified polar inside cabin for 2 people,,,,,False,cg-NN-PI-USP
ship_NN,NN,MS Nordnorge,USP3,Unspecified cabin for up to 3 people,,Unspecified polar inside cabin for up to 3 people,,,,,False,cg-NN-PI-USP3
ship_NN,NN,MS Nordnorge,USPB,Unspecified Arctic Superior twin,,"Our Arctic superior cabins grades all have private facilities. Some have double beds, and others have bunk beds.",,,,,False,cg-NN-AS-USPB
ship_NN,NN,MS Nordnorge,USPD,Unspecified Arctic Superior double,,"Our Arctic superior cabins all have private facilities, and double beds.",,,,,False,cg-NN-AS-USPD
ship_NN,NN,MS Nordnorge,USPI,Unspecified Polar Inside cabin,,These unspecified Polar Inside cabins for two people have bathrooms with shower/WC.,,,,,False,cg-NN-PI-USPI
ship_NN,NN,MS Nordnorge,USPL,Unspecified cabin with limited view,,"These comfortable, outside cabins on the lower or middle decks offer separate beds, one of which converts into a sofa, or upper and lower berths. The cabins may have portholes, and limited or no view.",,,,,False,cg-NN-PO-USPL
ship_NN,NN,MS Nordnorge,USPO,Unspecified cabin with full view,,"These comfortable, unspecified outside cabins for two people on the middle or higher decks have bathrooms with shower/WC. Some have bunk beds (one a sofa bed) or upper and lower berths.",,,,,False,cg-NN-PO-USPO
ship_NN,NN,MS Nordnorge,USPS,Unspecified suite,,"These unspecified suites on the upper deck have TV, and bathrooms with shower/WC.",,,,,False,cg-NN-ES-USPS
ship_PL,PL,MS Polarlys,CUA,"Unspecified Polar Outside, Accessible Cabin",,"These comfortable, unspecified Polar Outside cabins can be found on middle or higher decks. All cabins are wheelchair accessible with wider door and accessible WC. Some offer separate beds where one converts into a sofa, others double beds. All cabins have windows, but may have limited or no view.",,,,,False,cg-PL-PO-CUA
ship_PL,PL,MS Polarlys,CUB,Unspecified Arctic Superior cabin,,"Our Arctic superior cabins all have private facilities, and double or seperate beds.",,,,,False,cg-PL-AS-CUB
ship_PL,PL,MS Polarlys,CUI,Unspecified Polar Inside cabin,,"These unspecified Polar Inside cabins can be found on lower, middle or higher decks.",,,,,False,cg-PL-PI-CUI
ship_PL,PL,MS Polarlys,CUL,Unspecified Polar Outside with limited view,,"These comfortable, unspecified Polar Outside cabins can be found on lower, middle or higher decks. Some offer separate beds where one converts into a sofa, others double beds. Upper berths can be offered in cabins designed for up to three people.  The cabins may have portholes, or window with limite",,,,,False,cg-PL-PO-CUL
ship_PL,PL,MS Polarlys,CUO,Unspecified Polar Outside with full view,,"These comfortable, unspecified Polar Outside cabins can be found on middle or higher decks. Some offer separate beds where one converts into a sofa, others double beds. Upper berths can be offered in cabins designed for up to three people.  All cabins have windows, but may have obstructed view.",,,,,False,cg-PL-PO-CUO
ship_PL,PL,MS Polarlys,CUPO,Unspecified Polar Outside cabin (pet-friendly),,"These pet-friendly unspecified Polar Outside cabins can be found on lower or middle decks offering separate beds where one converts into a sofa. Upper berths can be offered in cabins designed for up to three people. The cabins may have portholes, or window with limited or no view.",,,,,False,cg-PL-PO-CUPO
ship_PL,PL,MS Polarlys,CUSP,Unspecified cabin for up to 3 people,,Unspecified cabin for up to 3 people.,,,,,False,7gJdyDOTfSV5NUEJTIk5vV
ship_PL,PL,MS Polarlys,I1,Single on lower deck,,This comfortable standard inside cabin has bunk beds where the lower berth can be converted into a sofa. A cosy space ideal for a solo traveller on a budget.,8,8,,,False,cg-PL-PI-I1
ship_PL,PL,MS Polarlys,I2,Twin on lower deck,,"These comfortable, refurbished standard inside cabins for up to two people on have twin beds, a chair, TV, and hair dryer.",8,9,,,False,cg-PL-PI-I2
ship_PL,PL,MS Polarlys,J2D,Double on middle or upper deck with window (restricted view),,"These comfortable, outside cabins for up to two people have a double bed. Cabins on deck 6 look out onto the mid-level walking deck, so the view may be obstructed.",11,12,,,False,cg-PL-PO-J2D
ship_PL,PL,MS Polarlys,J3,Triple on middle or upper deck with window (restricted view),,"These comfortable, outside cabins for up to three people have separate bunk beds where one can be turned into a sofa, TV, and hair dryer. Cabins on deck 6 look out onto the mid-level walking deck, so have limited or no view.",8,9,,,False,cg-PL-PO-J3
ship_PL,PL,MS Polarlys,K3,Triple on middle or upper deck,,"These standard inside cabins for up to three people have bunk beds (one can be turned into a sofa), plus TV and hair dryer.",8,9,,,False,cg-PL-PI-K3
ship_PL,PL,MS Polarlys,L2,Twin on lower deck with porthole,,"These comfortable, refurbished, outside cabins for up to two people on the lower deck have a separate beds, a chair, TV, and hair dryer. The cabins have portholes.",8,8,,,False,cg-PL-PO-L2
ship_PL,PL,MS Polarlys,L2D,Double on lower deck with porthole,,"These comfortable, refurbished outside cabins for up to two people have a double bed, chair, TV, hair dryer, and a porthole window.",11,11,,,False,cg-PL-PO-L2D
ship_PL,PL,MS Polarlys,L3,Triple on lower deck with porthole,,"These comfortable outside cabins for up to three people on the lowest deck have separate beds (one of which converts into a sofa), a chair, TV, hair dryer, and porthole windows.",11,11,,,False,cg-PL-PO-L3
ship_PL,PL,MS Polarlys,M4,Two-bed suite on upper deck,,"These elegant suites on the upper deck for up to four people have a separate bedroom, a seating area with sofabed and two chairs, TV, minibar, hair dryer, coffee and tea facilities, and Wi-Fi.",29,30,,,False,cg-PL-ES-M4
ship_PL,PL,MS Polarlys,N2,Twin on lower deck with window,,"These comfortable, refurbished outside cabins for up to two people have twin beds, a chair, TV, and hair dryer. Please note that cabin 333 may experience noise.",11,11,,,False,cg-PL-PO-N2
ship_PL,PL,MS Polarlys,N2D,Double on lower deck with window,,"These comfortable, refurbished outside cabins for up to two people have a double bed, a chair, and a TV. Please note that some cabins may experience noise.",11,11,,,False,cg-PL-PO-N2D
ship_PL,PL,MS Polarlys,N3,Triple on lower deck with window,,"These comfortable, refurbished outside cabins for up to three people have separate beds or bunk beds, a chair, TV, and hair dryer. Please note that cabins 358 and 360 may experience noise.",11,11,,,False,cg-PL-PO-N3
ship_PL,PL,MS Polarlys,O2,Twin bunk beds on middle deck with window,,"These comfortable, refurbished cabins for up to two people have bunk beds where one can be turned into a sofa, a chair, TV, and hair dryer.",13,14,,,False,cg-PL-PO-O2
ship_PL,PL,MS Polarlys,O2D,Double on lower deck with window,,"These comfortable, refurbished cabins for up to two people have a double bed, a chair, TV, and hair dryer.",11,11,,,False,cg-PL-PO-O2D
ship_PL,PL,MS Polarlys,O3,Triple on middle or upper deck with window,,"These comfortable outside cabins for up to three people have separate bunk beds where one can be turned into a sofa, a chair, TV, and hair dryer.",8,9,,,False,cg-PL-PO-O3
ship_PL,PL,MS Polarlys,P2D,Double on promenade deck with window,,"These comfortable, refurbished outside cabins for up to two people on the mid-level walking deck have a double bed, a chair, TV and coffee and tea facilities.",10,11,,,False,cg-PL-AS-P2D
ship_PL,PL,MS Polarlys,PETO,Unspecified pet cabin,,These cabins are customised for travellers with pets.,8,12,,,False,cg-PL-PO-PETO
ship_PL,PL,MS Polarlys,Q2,Mini suite on middle or upper deck,,"These comfortable suites for up to two people have a double bed, two chairs, a desk, TV, minibar, hair dryer, coffee and tea facilities and Wi-Fi.",16,17,,,False,cg-PL-ES-Q2
ship_PL,PL,MS Polarlys,Q4,Two-bed mini suite on middle or upper deck,,"These comfortable suites for up to four people have a separate bedroom, a seating area with a sofabed, TV, minibar, hair dryer, coffee and tea facilities and Wi-Fi.",18,19,,,False,cg-PL-ES-Q4
ship_PL,PL,MS Polarlys,SD,Accessible triple on lower deck with window,,"Wheelchair-accessible room for up to three people with wider door, accessible bathroom and adjustable bed. We have a limited number of wheelchair accessible cabins, so we ask that they are booked by guests who require these cabins.",16,17,,,False,cg-PL-PO-SD
ship_PL,PL,MS Polarlys,U2D,Double on upper deck with window,,"These inviting, refurbished outside cabins for up to two people have a double bed, chair, TV, and coffee and tea facilities.",10,11,,,False,cg-PL-AS-U2D
ship_PL,PL,MS Polarlys,UNI3,Unspecified cabin for up to 3 people,,"These unspecified Polar Inside cabins for up to three people have bathrooms with shower/WC. Bunk beds, one of which converts into a sofa.",,,,,False,cg-PL-PI-UNI3
ship_PL,PL,MS Polarlys,UNL3,Unspecified cabin for up to 3 travellers,,"These comfortable, outside cabins for three people on the lower or middle decks offer separate beds, one of which converts into a sofa, or upper and lower berths. The cabins may have portholes, with limited or no view.",,,,,False,cg-PL-PO-UNL3
ship_PL,PL,MS Polarlys,UNO3,Unspecified cabin for up to 3 travellers,,"These comfortable, unspecified outside cabins on the middle or higher deck have double beds, separate beds (one of which is a sofa bed) or upper and lower berths. All have bathrooms with shower/WC.",,,,,False,cg-PL-PO-UNO3
ship_PL,PL,MS Polarlys,UNS4,Unspecified suite for up to 4 travellers,,"These unspecified suites for four people on the upper deck have TV, and bathrooms with shower/WC.",,,,,False,cg-PL-ES-UNS4
ship_PL,PL,MS Polarlys,USD,Unspecified wheelchair accessible cabin for two people,,"Wheelchair accessible room for up to two people with wider door, accessible WC and adjusted bed.",16,17,,,False,cg-PL-PO-USD
ship_PL,PL,MS Polarlys,USP,Unspecified cabin for 2 people,,Unspecified polar inside cabin for 2 people,,,,,False,cg-PL-PI-USP
ship_PL,PL,MS Polarlys,USP1,Unspecified cabin for 1 person,,Unspecified polar inside cabin for 1 person,,,,,False,cg-PL-PI-USP1
ship_PL,PL,MS Polarlys,USP3,Unspecified cabin for up to 3 people,,Unspecified polar inside cabin for up to 3 people,,,,,False,cg-PL-PI-USP3
ship_PL,PL,MS Polarlys,USPB,Unspecified Arctic Superior twin,,"Our Arctic superior cabins grades all have private facilities. Some have double beds, and others have bunk beds.",,,,,False,cg-PL-AS-USPB
ship_PL,PL,MS Polarlys,USPD,Unspecified Arctic Superior double,,"Our Arctic superior cabins all have private facilities, and double beds.",,,,,False,cg-PL-AS-USPD
ship_PL,PL,MS Polarlys,USPI,Unspecified Polar Inside cabin,,These unspecified Polar Inside cabins for two people have bathrooms with shower/WC.,,,,,False,cg-PL-PI-USPI
ship_PL,PL,MS Polarlys,USPL,Unspecified cabin with limited view,,"These comfortable, outside cabins on the lower or middle decks offer separate beds, one of which converts into a sofa, or upper and lower berths. The cabins may have portholes, and limited or no view.",,,,,False,cg-PL-PO-USPL
ship_PL,PL,MS Polarlys,USPO,Unspecified cabin with full view,,"These comfortable, unspecified outside cabins for two people on the middle or higher decks have bathrooms with shower/WC. Some have bunk beds (one a sofa bed) or upper and lower berths.",,,,,False,cg-PL-PO-USPO
ship_PL,PL,MS Polarlys,USPS,Unspecified suite,,"These unspecified suites on the upper deck have TV, and bathrooms with shower/WC.",,,,,False,cg-PL-ES-USPS
ship_RW,RW,MS Richard With,CUA,"Unspecified Polar Outside, Accessible Cabin",,"These comfortable, unspecified Polar Outside cabins can be found on middle or higher decks. All cabins are wheelchair accessible with wider door and accessible WC. Some offer separate beds where one converts into a sofa, others double beds. All cabins have windows, but may have limited or no view.",,,,,False,cg-RW-PO-CUA
ship_RW,RW,MS Richard With,CUB,Unspecified Arctic Superior cabin,,"Our Arctic superior cabins all have private facilities, and double or seperate beds.",,,,,False,cg-RW-AS-CUB
ship_RW,RW,MS Richard With,CUI,Unspecified Polar Inside cabin,,"These unspecified Polar Inside cabins can be found on lower, middle or higher decks.",,,,,False,cg-RW-PI-CUI
ship_RW,RW,MS Richard With,CUL,Unspecified Polar Outside with limited view,,"These comfortable, unspecified Polar Outside cabins can be found on lower, middle or higher decks. Some offer separate beds where one converts into a sofa, others double beds. Upper berths can be offered in cabins designed for up to three people.  The cabins may have portholes, or window with limite",,,,,False,cg-RW-PO-CUL
ship_RW,RW,MS Richard With,CUO,Unspecified Polar Outside with full view,,"These comfortable, unspecified Polar Outside cabins can be found on middle or higher decks. Some offer separate beds where one converts into a sofa, others double beds. Upper berths can be offered in cabins designed for up to three people.  All cabins have windows, but may have obstructed view.",,,,,False,cg-RW-PO-CUO
ship_RW,RW,MS Richard With,CUPO,Unspecified Polar Outside cabin (pet-friendly),,"These pet-friendly unspecified Polar Outside cabins can be found on lower or middle decks offering separate beds where one converts into a sofa. Upper berths can be offered in cabins designed for up to three people. The cabins may have portholes, or window with limited or no view.",,,,,False,cg-RW-PO-CUPO
ship_RW,RW,MS Richard With,CUSP,Unspecified cabin for up to 3 people,,Unspecified cabin for up to 3 people.,,,,,False,JuvdyTTpd5qKUGkTGwDlb
ship_RW,RW,MS Richard With,I2,Twin on lower deck,,"These comfortable, inside cabins for up to 2 people have twin beds, one of which converts into a sofa, private bathroom with shower, TV, and a hairdryer. Please note that cabins 384 and 388 may experience noise and vibration.",8,9,,,False,cg-RW-PI-I2
ship_RW,RW,MS Richard With,J2,Twin on upper or promenade deck with window (restricted view),,"These comfortable outside cabins for up to 2 people have twin beds, one of which doubles as a sofa, a TV, chair and windows with limited views.",8,9,,,False,cg-RW-PO-J2
ship_RW,RW,MS Richard With,J2D,Double on upper or promenade deck with window (restricted view),,"These comfortable, refurbished outside cabins for up to 2 people have double bed, a chair, TV, and a hairdryer. The cabins all come with windows for natural light, but have limited or no view.",8,11,,,False,cg-RW-PO-J2D
ship_RW,RW,MS Richard With,K2,Twin on promenade deck,,"These comfortable inside cabins for up to 2 people have separate single beds, one of which converts into a sofa, private bathroom with shower, TV, and a hairdryer. Please note these cabins may experience vibration.",8,9,,,False,cg-RW-PI-K2
ship_RW,RW,MS Richard With,L2,Twin on lower deck with porthole,,"These comfortable outside cabins for up to 2 people have separate beds, one of which converts into a sofa, a TV, chair, and portholes.",8,11,,,False,cg-RW-PO-L2
ship_RW,RW,MS Richard With,L3,Triple on lower deck with window,,"These comfortable outside cabins for up to 3 people have separate beds, one which converts into a sofa, a chair, TV, and a hairdryer. Some cabins have portholes with limited or no view.",10,11,,,False,cg-RW-PO-L3
ship_RW,RW,MS Richard With,M4,Two-bed suite on promenade deck,,"Our most premium cabins. These spacious, elegant, refurbished suites come with separate bedroom and lounge area. All come with a double bed, large bay windows, a sofabed, Wi-Fi, TV, minibar, hairdryer, bathrobes,  and coffee and tea facilities.",29,30,,,False,cg-RW-ES-M4
ship_RW,RW,MS Richard With,MG4,Two-bed suite on upper deck,,"These elegant, refurbished suites have a double bed, a lounge area with bay windows, a chair and sofabed, TV, minibar, hairdryer, bathrobes, and coffee and tea facilities.",21,26,,,False,cg-RW-ES-MG4
ship_RW,RW,MS Richard With,N2D,Double on lower deck with window,,"These comfortable, refurbished outside cabins for up to 2 people have a double bed, a chair, TV, and hair dryer.",10,11,,,False,cg-RW-PO-N2D
ship_RW,RW,MS Richard With,N3,Triple on lower deck with window,,"These standard outside cabins for up to 3 people have separate beds, one of which converts into a sofa, TV and an extra chair.",10,11,,,False,cg-RW-PO-N3
ship_RW,RW,MS Richard With,O2,"Twin on lower, promenade or upper deck with window",,"These comfortable cabins for up to 2 people are have separate beds, one of which doubles as a sofa, TV and an extra chair.",8,11,,,False,cg-RW-PO-O2
ship_RW,RW,MS Richard With,O3,Triple on lower deck with window,,"These comfortable, outside cabins for up to 3 people have separate beds, one of which converts into a sofa, TV, and a hairdryer.",10,11,,,False,cg-RW-PO-O3
ship_RW,RW,MS Richard With,P2,Twin on promenade deck with window,,"These comfortable, refurbished cabins for up to 2 people on the mid-level walking deck have twin beds, TV, hairdryer and coffee and tea facilities.",10,11,,,False,cg-RW-AS-P2
ship_RW,RW,MS Richard With,P2D,Double on promenade deck with window,,"These comfortable, refurbished cabins for up to 2 people on the mid-level walking deck have a double bed, TV,  hairdryer and coffee and tea facilities. Please note that cabins 536 and 538 have limited view.",10,11,,,False,cg-RW-AS-P2D
ship_RW,RW,MS Richard With,PETO,Unspecified pet cabin,,These cabins are customised for travellers with pets.,8,11,,,False,cg-RW-PO-PETO
ship_RW,RW,MS Richard With,Q2,Mini suite on upper deck,,"These comfortable suites sleeping up to 2 people have a double bed, TV,  minibar, and a great view from the large window. Please note that cabin 643 is wheelchair accessible; please contact us to book.",17,22,,,False,cg-RW-ES-Q2
ship_RW,RW,MS Richard With,Q4,Two-bed mini suite on upper deck,,"These comfortable, refurbished suites for up to 4 people have double bed, lounge area with sofa bed, minibar, Wi-Fi, TV, hairdryer, bathrobes, and coffee and tea facilities. Please note that cabins 601 and 602 have two smaller windows.",22,22,,,False,cg-RW-ES-Q4
ship_RW,RW,MS Richard With,SD,Accessible twin on lower deck with window,,Our spacious wheelchair-accessible cabin for up to two people has a wider door and accessible toilet. Please note the beds cannot be raised or lowered.,16,17,,,False,cg-RW-PO-SD
ship_RW,RW,MS Richard With,U2D,Double on upper deck with window (restricted view),,"These comfortable, refurbished cabins for up to 2 people have a double bed,  chair and small desk, TV, hairdryer and coffee and tea facilities.",10,11,,,False,cg-RW-AS-U2D
ship_RW,RW,MS Richard With,UNL3,Unspecified cabin for up to 3 travellers,,"These comfortable, outside cabins for three people on the lower or middle decks offer separate beds, one of which converts into a sofa, or upper and lower berths. The cabins may have portholes, with limited or no view.",,,,,False,cg-RW-PO-UNL3
ship_RW,RW,MS Richard With,UNO3,Unspecified cabin for up to 3 travellers,,"These comfortable, unspecified outside cabins on the middle or higher deck have double beds, separate beds (one of which is a sofa bed) or upper and lower berths. All have bathrooms with shower/WC.",,,,,False,cg-RW-PO-UNO3
ship_RW,RW,MS Richard With,USD,Unspecified wheelchair accessible cabin for two people,,"Wheelchair accessible room for up to two people with wider door, accessible WC and adjusted bed.",16,17,,,False,cg-RW-PO-USD
ship_RW,RW,MS Richard With,USP,Unspecified cabin for 2 people,,Unspecified polar inside cabin for 2 people,,,,,False,cg-RW-PI-USP
ship_RW,RW,MS Richard With,USP1,Unspecified cabin for 1 person,,Unspecified polar inside cabin for 1 person,,,,,False,cg-RW-PI-USP1
ship_RW,RW,MS Richard With,USP3,Unspecified cabin for up to 3 people,,Unspecified polar inside cabin for up to 3 people,,,,,False,cg-RW-PI-USP3
ship_RW,RW,MS Richard With,USPB,Unspecified Arctic Superior twin,,"Our Arctic superior cabins grades all have private facilities. Some have double beds, and others have bunk beds.",,,,,False,cg-RW-AS-USPB
ship_RW,RW,MS Richard With,USPD,Unspecified Arctic Superior double,,"Our Arctic superior cabins all have private facilities, and double beds.",,,,,False,cg-RW-AS-USPD
ship_RW,RW,MS Richard With,USPI,Unspecified Polar Inside cabin,,These unspecified Polar Inside cabins for two people have bathrooms with shower/WC.,,,,,False,cg-RW-PI-USPI
ship_RW,RW,MS Richard With,USPL,Unspecified cabin with limited view,,"These comfortable, outside cabins on the lower or middle decks offer separate beds, one of which converts into a sofa, or upper and lower berths. The cabins may have portholes, and limited or no view.",,,,,False,cg-RW-PO-USPL
ship_RW,RW,MS Richard With,USPO,Unspecified cabin with full view,,"These comfortable, unspecified outside cabins for two people on the middle or higher decks have bathrooms with shower/WC. Some have bunk beds (one a sofa bed) or upper and lower berths.",,,,,False,cg-RW-PO-USPO
ship_RW,RW,MS Richard With,USPS,Unspecified suite,,"These unspecified suites on the upper deck have TV, and bathrooms with shower/WC.",,,,,False,cg-RW-ES-USPS
ship_SV,SV,MS Finnmarken,I2,Twin on lower deck,,"These cabins sleep up to two people, with a double bed or flexible sleeping arrangements and TV, kettle, tea and coffee, and hair dryer. Please note that cabins 395 and 398 experience noise and vibration.",8,11,,,False,cg-SV-PI-I2
ship_SV,SV,MS Finnmarken,J2,Twin on middle or promenade deck with window (restricted view),,"These comfortable cabins sleeps up to 2 people, with double bed or flexible sleeping arrangements, TV and hair dryer. All come with windows for natural light, but have limited or no view.",10,11,,,False,cg-SV-PO-J2
ship_SV,SV,MS Finnmarken,K2,Twin on middle or promenade deck,,"These cabins sleep up to 2 people, with a double bed or flexible sleeping arrangements, and a TV and hair dryer.",10,13,,,False,5qaq0x4x6mh3mrcDuC5seZ
ship_SV,SV,MS Finnmarken,L2,Twin on lower deck with porthole,,"These comfortable cabins sleep up to 2 people in either twin or bunk beds, with TV, hair dryer and porthole. Please note some cabins may experience noise and vibration.",8,12,,,False,cg-SV-PO-L2
ship_SV,SV,MS Finnmarken,M2,One-bed suite on middle deck with balcony,,"These one-bed suites come with double bed, large windows and balcony, plus TV, hair dryer and espresso machine.",19,20,,,True,cg-SV-ES-M2
ship_SV,SV,MS Finnmarken,M4,Two-bed suite on middle deck with balcony,,"Sleeping between 2 and 4 guests, these two-bed suites come with separate bedroom and seating area with sofa bed. All have large windows, private balcony, TV and espresso machine.",21,22,,,True,cg-SV-ES-M4
ship_SV,SV,MS Finnmarken,MG,Grand Suite on middle or upper deck,,"Sleeping between 2 and 4 guests, these one- or two-room suites are our most premium cabins. All come with lounge area, TV, espresso machine and large windows. Suites 801 and 802 also come with a French balcony.",25,29,,,True,cg-SV-ES-MG
ship_SV,SV,MS Finnmarken,N2,"Twin on lower, promenade and middle deck with window",,"These comfortable cabins sleep up to 2 people, with a double bed or flexible sleeping arrangements, TV and hairdryer. Cabins 635, 637, 639 and 641 also have a kettle with tea and coffee.",10,12,,,False,cg-SV-PO-N2
ship_SV,SV,MS Finnmarken,O2,"Twin on lower, middle or promenade deck with window",,"These comfortable cabins sleep up to 2 people, with twin beds, TV and hairdryer.",10,12,,,False,cg-SV-PO-O2
ship_SV,SV,MS Finnmarken,P2,Double on promenade deck with window,,"These double cabins on the mid-level walking deck sleep up to two people, with minisofa, TV, hair dryer and kettle with tea and coffee.",10,11,,,False,cg-SV-AS-P2
ship_SV,SV,MS Finnmarken,Q2,Mini suite on promenade deck,,"Our mini suites are a little slice of luxury. All come with double bed, seating area with sofa, ample storage and large windows to enjoy the view.",16,18,,,False,cg-SV-ES-Q2
ship_SV,SV,MS Finnmarken,QJ,Large double on middle or promenade deck with window (restricted view),,"These spacious double rooms sleeping up to 2 people come with seating area, TV, kettle and hairdryer. All come with window or porthole for natural light, but the view is restricted.",16,17,,,False,cg-SV-AS-QJ
ship_SV,SV,MS Finnmarken,SD,Accessible twin on lower deck with window,,"Our wheelchair-accessible cabins sleep up to 2 people, and come with extra space, wider doors, and accessible bathroom. All come with TV and hair dryer.",20,21,,,False,cg-SV-PO-SD
ship_SV,SV,MS Finnmarken,U2,Double on upper deck with window ,,"These double cabins sleep up to 2 people, with seating area, TV, hair dryer and kettle with tea and coffee. Please note that some cabins experience noise and vibration.",10,12,,,False,cg-SV-AS-U2
ship_SV,SV,MS Finnmarken,USPB,Unspecified Arctic Superior twin,,"Our Arctic superior cabins grades all have private facilities. Some have double beds, and others have bunk beds.",,,,,False,3IEh5aZXaHwrmZo4t2021u
ship_SV,SV,MS Finnmarken,USPI,Unspecified Polar Inside cabin,,These unspecified Polar Inside cabins for two people have bathrooms with shower/WC.,,,,,False,7oW4mp1yxHeIotVVW5cf1C
ship_SV,SV,MS Finnmarken,USPL,Unspecified cabin with limited view,,"These comfortable, outside cabins on the lower or middle decks offer separate beds, one of which converts into a sofa, or upper and lower berths. The cabins may have portholes, and limited or no view.",,,,,False,1VDaNDpZG46amx5FSEDh8X
ship_SV,SV,MS Finnmarken,USPO,Unspecified cabin with full view,,"These comfortable, unspecified outside cabins for two people on the middle or higher decks have bathrooms with shower/WC.",,,,,False,1aAHt5aqGub5fPlpwqJngl
ship_TF,TF,MS Trollfjord,CUA,"Unspecified Polar Outside, Accessible Cabin",,"These comfortable, unspecified Polar Outside cabins can be found on middle or higher decks. All cabins are wheelchair accessible with wider door and accessible WC. Some offer separate beds where one converts into a sofa, others double beds. All cabins have windows, but may have limited or no view.",,,,,False,cg-TF-PO-CUA
ship_TF,TF,MS Trollfjord,CUB,Unspecified Arctic Superior cabin,,"Our Arctic superior cabins all have private facilities, and double or seperate beds.",,,,,False,cg-TF-AS-CUB
ship_TF,TF,MS Trollfjord,CUI,Unspecified Polar Inside cabin,,"These unspecified Polar Inside cabins can be found on lower, middle or higher decks.",,,,,False,cg-TF-PI-CUI
ship_TF,TF,MS Trollfjord,CUL,Unspecified Polar Outside with limited view,,"These comfortable, unspecified Polar Outside cabins can be found on lower, middle or higher decks. Some offer separate beds where one converts into a sofa, others double beds. Upper berths can be offered in cabins designed for up to three people.  The cabins may have portholes, or window with limite",,,,,False,cg-TF-PO-CUL
ship_TF,TF,MS Trollfjord,CUO,Unspecified Polar Outside with full view,,"These comfortable, unspecified Polar Outside cabins can be found on middle or higher decks. Some offer separate beds where one converts into a sofa, others double beds. Upper berths can be offered in cabins designed for up to three people.  All cabins have windows, but may have obstructed view.",,,,,False,cg-TF-PO-CUO
ship_TF,TF,MS Trollfjord,I2,Twin on lower deck,,"These comfortable, standard inside cabins for up to two people have separate beds.",9,11,,,False,cg-TF-PI-I2
ship_TF,TF,MS Trollfjord,J3,Triple on middle deck with window (restricted view),,"These comfortable outside cabins for up to three people have separate beds, one of which is an upper berth. The cabins have windows, but with limited view.",11,12,,,False,cg-TF-PO-J3
ship_TF,TF,MS Trollfjord,K2,Twin on middle deck,,"These comfortable, standard inside cabins for up to two people on the middle decks have separate beds.",9,11,,,False,cg-TF-PI-K2
ship_TF,TF,MS Trollfjord,L2,Twin on lower deck with porthole ,,These comfortable outside cabins for up to two people have separate twin beds and a porthole. Please note that cabins 405 and 406 have a limited view.,10,11,,,False,cg-TF-PO-L2
ship_TF,TF,MS Trollfjord,M2,Suite on middle deck with balcony,,"This elegant suite has a seating area, TV, kettle and tea/coffee, minibar, and a private balcony.",23,24,,,True,cg-TF-ES-M2
ship_TF,TF,MS Trollfjord,MG,Grand Suite on middle or upper deck,,"These exclusive suites on the upper deck have a seating area, TV, kettle, tea/coffee, internet access and minibar. Most also have a bathtub and bay windows. The suites on deck 7 also have a private balcony.",25,36,,,False,cg-TF-ES-MG
ship_TF,TF,MS Trollfjord,MX,Owners' Suite on upper deck with balcony,,"Our most luxurious suites. Each comes with separate bedroom, a seating area, TV, kettle and tea/coffee, internet access minibar and a private balcony. Travel in the best way possible!",44,45,,,True,cg-TF-ES-MX
ship_TF,TF,MS Trollfjord,N2,Twin on lower deck with window,,"These standard outside cabins for up to two people have separate beds, one of which converts into a sofa. Please note that cabins 492 and 499 may experience noise.",10,11,,,False,cg-TF-PO-N2
ship_TF,TF,MS Trollfjord,O2,Twin on lower or middle deck with window,,"A standard cabin grade with separate beds, of which one converts to a sofa. The view from cabins on deck 6 look out on to the mid-level walking deck, so may be partially obstructed.",10,12,,,False,cg-TF-PO-O2
ship_TF,TF,MS Trollfjord,O2D,Double on promenade deck with window,,"These standard outside cabins for up to two people have double beds. They look out on to the mid-level walking deck, so views may be partially obstructed.",10,11,,,False,cg-TF-PO-O2D
ship_TF,TF,MS Trollfjord,P2,Middle deck for up to 2 travellers,,Enjoy these comfortable outside cabins for up to three people. These cabins have separate beds where one doubles as a sofa.,13,13,,,False,cg-TF-AS-P2
ship_TF,TF,MS Trollfjord,P2D,Double on promenade deck with window,,"These comfortable outside cabins for up to two people have double beds. They look out on to the mid-level walking deck, so views may be partially obstructed.",10,11,,,False,cg-TF-AS-P2D
ship_TF,TF,MS Trollfjord,PETO,Unspecified pet cabin,,These cabins are customised for travellers with pets.,10,11,,,False,cg-TF-PO-PETO
ship_TF,TF,MS Trollfjord,Q2,Mini Suite on middle deck,,"These comfortable suites have a queen-sized bed, seating area with sofa, TV, kettle with tea/coffee, internet access and minibar.",16,24,,,False,cg-TF-ES-Q2
ship_TF,TF,MS Trollfjord,QJ,Large double on middle deck with window (restricted view),,"These large, comfortable cabins have a small double bed, seating area with sofa and a fridge with minibar. The cabins have windows, but with very limited or no view.",16,17,,,False,cg-TF-AS-QJ
ship_TF,TF,MS Trollfjord,U2,"Twin on lower, middle or upper deck with window",,These comfortable outside cabins for up to two people have separate twin beds. Please note that cabin 459 may experience noise.,10,11,,,False,cg-TF-AS-U2
ship_TF,TF,MS Trollfjord,U2D,Double on middle or upper deck with window,,These comfortable outside cabins for up to two people have a double bed and a window with a full view. Please note that cabins 492 and 494 may experience noise.,11,12,,,False,cg-TF-AS-U2D
ship_TF,TF,MS Trollfjord,UNI3,Unspecified cabin for up to 3 people,,"These unspecified Polar Inside cabins for up to three people have bathrooms with shower/WC. Bunk beds, one of which converts into a sofa.",,,,,False,cg-TF-PI-UNI3
ship_TF,TF,MS Trollfjord,UNL3,Unspecified cabin for up to 3 travellers,,"These comfortable, outside cabins for three people on the lower or middle decks offer separate beds, one of which converts into a sofa, or upper and lower berths. The cabins may have portholes, with limited or no view.",,,,,False,cg-TF-PO-UNL3
ship_TF,TF,MS Trollfjord,UNO3,Unspecified cabin for up to 3 travellers,,"These comfortable, unspecified outside cabins on the middle or higher deck have double beds, separate beds (one of which is a sofa bed) or upper and lower berths. All have bathrooms with shower/WC.",,,,,False,cg-TF-PO-UNO3
ship_TF,TF,MS Trollfjord,USP,Unspecified cabin for 2 people,,Unspecified polar inside cabin for 2 people,,,,,False,cg-TF-PI-USP
ship_TF,TF,MS Trollfjord,USP3,Unspecified cabin for up to 3 people,,Unspecified polar inside cabin for up to 3 people,,,,,False,cg-TF-PI-USP3
ship_TF,TF,MS Trollfjord,USPB,Unspecified Arctic Superior twin,,"Our Arctic superior cabins grades all have private facilities. Some have double beds, and others have bunk beds.",,,,,False,cg-TF-AS-USPB
ship_TF,TF,MS Trollfjord,USPD,Unspecified Arctic Superior double,,"Our Arctic superior cabins all have private facilities, and double beds.",,,,,False,cg-TF-AS-USPD
ship_TF,TF,MS Trollfjord,USPI,Unspecified Polar Inside cabin,,These unspecified Polar Inside cabins for two people have bathrooms with shower/WC.,,,,,False,cg-TF-PI-USPI
ship_TF,TF,MS Trollfjord,USPL,Unspecified cabin with limited view,,"These comfortable, outside cabins on the lower or middle decks offer separate beds, one of which converts into a sofa, or upper and lower berths. The cabins may have portholes, and limited or no view.",,,,,False,cg-TF-PO-USPL
ship_TF,TF,MS Trollfjord,USPO,Unspecified cabin with full view,,"These comfortable, unspecified outside cabins for two people on the middle or higher decks have bathrooms with shower/WC. Some have bunk beds (one a sofa bed) or upper and lower berths.",,,,,False,cg-TF-PO-USPO
ship_TF,TF,MS Trollfjord,USPS,Unspecified suite,,"These unspecified suites on the upper deck have TV, and bathrooms with shower/WC.",,,,,False,cg-TF-ES-USPS
ship_TF,TF,MS Trollfjord,UYA3,Wheelchair accessible cabin for 3 people,,"Unspecified wheelchair accessible room for up to  three people with wider door, accessible WC and adjusted bed. The cabin has separate beds.",15,17,,,False,cg-TF-AS-UYA3
ship_TF,TF,MS Trollfjord,YA3,Accessible triple on middle deck with window,,"Wheelchair-accessible room for up to three people with wider door, accessible WC and one adjustable bed. The cabin has separate beds.",16,16,,,False,cg-TF-AS-YA3
ship_VA,VA,MS Vesterålen,A2,Middle deck for 2 travellers,,These comfortable outside cabins for up to two people on the middle or lower decks have bunk beds.,7,22,,,False,cg-VA-PO-A2
ship_VA,VA,MS Vesterålen,A3,Middle deck for up to 3 travellers,,These comfortable outside cabins for up to three people on the middle or lower decks have bunk beds.,7,22,,,False,cg-VA-PO-A3
ship_VA,VA,MS Vesterålen,A4,Lower deck for up to 4 travellers,,These cabins on the middle deck have one double bed and two bunk beds. These outside cabins for up to four travellers are ideal for families.,7,22,,,False,cg-VA-PO-A4
ship_VA,VA,MS Vesterålen,CUA,"Unspecified Polar Outside, Accessible Cabin",,"These comfortable, unspecified Polar Outside cabins can be found on middle or higher decks. All cabins are wheelchair accessible with wider door and accessible WC. Some offer separate beds where one converts into a sofa, others double beds. All cabins have windows, but may have limited or no view.",,,,,False,cg-VA-PO-CUA
ship_VA,VA,MS Vesterålen,CUI,Unspecified Polar Inside cabin,,"These unspecified Polar Inside cabins can be found on lower, middle or higher decks.",,,,,False,cg-VA-PI-CUI
ship_VA,VA,MS Vesterålen,CUL,Unspecified Polar Outside with limited view,,"These comfortable, unspecified Polar Outside cabins can be found on lower, middle or higher decks. Some offer separate beds where one converts into a sofa, others double beds. Upper berths can be offered in cabins designed for up to three people.  The cabins may have portholes, or window with limite",,,,,False,cg-VA-PO-CUL
ship_VA,VA,MS Vesterålen,CUO,Unspecified Polar Outside with full view,,"These comfortable, unspecified Polar Outside cabins can be found on middle or higher decks. Some offer separate beds where one converts into a sofa, others double beds. Upper berths can be offered in cabins designed for up to three people.  All cabins have windows, but may have obstructed view.",,,,,False,cg-VA-PO-CUO
ship_VA,VA,MS Vesterålen,CUPI,Unspecified Polar Inside cabin (pet-friendly),,"This pet-friendly unspecified inside cabin is located on lower decks, and has bunk beds.",7,12,,,False,cg-VA-PI-CUPI
ship_VA,VA,MS Vesterålen,CUPO,Unspecified Polar Outside cabin (pet-friendly),,"These pet-friendly unspecified Polar Outside cabins can be found on lower or middle decks offering separate beds where one converts into a sofa. Upper berths can be offered in cabins designed for up to three people. The cabins may have portholes, or window with limited or no view.",,,,,False,3d4KDLqX1VmpZFKUbwJ7q6
ship_VA,VA,MS Vesterålen,I2,Twin on lower deck,,"These comfortable, standard inside cabins for up to 2 people have separate beds (one of which converts into a sofa), private bathroom and chair and desk. Please note that these cabins may experience noise and vibration.",7,12,,,False,cg-VA-PI-I2
ship_VA,VA,MS Vesterålen,IPET,Unspecified pet cabin,,These cabins are customised for travellers with pets.,,,,,False,cg-VA-PI-IPET
ship_VA,VA,MS Vesterålen,J2,Twin on lower or upper deck with window (restricted view),,"These comfortable outside cabins for up to 2 people have twin beds, one of which converts into a sofa, and a chair and desk. All come with a window for natural light, but the view is limited.",9,10,,,False,cg-VA-PO-J2
ship_VA,VA,MS Vesterålen,K1,Single on upper deck,,"These comfortable standard inside cabins are ideal for solo travellers on a budget, with single bed, private bathroom and chair and desk.",8,9,,,False,cg-VA-PI-K1
ship_VA,VA,MS Vesterålen,K2,Twin on middle or upper deck,,"These comfortable, standard inside cabins for up 2 people have separate beds, one of which converts into a sofa, private bathroom, a chair and desk, and a hairdryer. Many of the rooms are interconnected, making them a good choice for families.",9,9,,,False,cg-VA-PI-K2
ship_VA,VA,MS Vesterålen,L4,Quadruple on lower deck with porthole,,"These comfortable outside cabins for up to 4 people on the middle or lower decks have bunk beds and a chair. Some have a double bed and bunk beds, sofa, and a chair.",,,,,False,cg-VA-PO-L4
ship_VA,VA,MS Vesterålen,N2,Twin on lower deck with porthole,,"These standard outside cabins for up to 2 people have bunk beds, one of which converts into a sofa, and a chair with desk. All come with porthole. Cabins 314 and 316 have an inter-connecting door, making them a good option for families.",8,10,,,False,cg-VA-PO-N2
ship_VA,VA,MS Vesterålen,O3,Triple on lower deck with porthole,,"These comfortable outside cabins for up to 3 people have separate beds, one of which doubles as a sofa, a chair, and a porthole. Please note cabin 301 may experience noise.",10,11,,,False,cg-VA-PO-O3
ship_VA,VA,MS Vesterålen,Q2,Mini suite on upper deck,,"Our refurbished mini suites sleep up to 2 guests and have separate bedroom with double bed, ample storage, seating area, TV, and coffee and tea facilities.",9,10,,,False,cg-VA-ES-Q2
ship_VA,VA,MS Vesterålen,QJ,Large double on low deck with limited view,,"This spacious L-shaped cabin features a comfortable layout with one double bed and one bunk bed. It includes a seating area with a sofa and a frige. The cabin has windows, though they offer little to no view.",21,21,,,False,6Vg1kUAvlVDhHvIDbniyfh
ship_VA,VA,MS Vesterålen,SD,Accessible cabin on lower deck with window,,"Two wheelchair-accessible rooms for up to 5 people. These spacious cabins have wider doors, and accessible WC. One has double bed, pullman and a single bed. One has bunk beds, sofa, and chair.",20,20,,,False,cg-VA-PO-SD
ship_VA,VA,MS Vesterålen,SD3,Wheelchair accessible cabin for up to 3 travellers,,"Wheelchair accessible cabin for up to three people with wider door, accessible WC and adjusted bed. This comfortable outside cabin on the middle deck have upper and lower berths.",18,19,,,False,cg-VA-PO-SD3
ship_VA,VA,MS Vesterålen,SD5,Accessible suite on lower deck,,"Two wheelchair accessible rooms for up to 5 people on deck 3. These spacious cabins have wider doors, and accessible WC. One has double bed, pullman and a single bed. One has bunk beds, sofa, and chair.",20,20,,,False,cg-VA-PO-SD5
ship_VA,VA,MS Vesterålen,U2D,Double on middle or upper deck with window,,"These comfortable, refurbished outside cabins for up to 2 people have a double bed, TV, hair dryer and coffee and tea facilities. Please note that some cabins may experience noise.",9,10,,,False,cg-VA-AS-U2D
ship_VA,VA,MS Vesterålen,UNI3,Unspecified cabin for up to 3 people,,"These unspecified Polar Inside cabins for up to three people have bathrooms with shower/WC. Bunk beds, one of which converts into a sofa.",,,,,False,cg-VA-PI-UNI3
ship_VA,VA,MS Vesterålen,UNL1,Unspecified cabin for one traveller,,"These comfortable, outside cabins for one person on the lower or middle decks have a single bed. The cabins may have portholes, with limited or no view.",,,,,False,cg-VA-PO-UNL1
ship_VA,VA,MS Vesterålen,UNL3,Unspecified cabin for up to 3 travellers,,"These comfortable, outside cabins for three people on the lower or middle decks offer separate beds, one of which converts into a sofa, or upper and lower berths. The cabins may have portholes, with limited or no view.",,,,,False,cg-VA-PO-UNL3
ship_VA,VA,MS Vesterålen,UNL4,Unspecified cabin for up to 4 travellers,,"These comfortable, outside cabins for up to four people on the lower or middle decks have separate beds, one of which converts into a sofa, and upper and lower berths. The cabins may have portholes, with limited or no view.",,,,,False,cg-VA-PO-UNL4
ship_VA,VA,MS Vesterålen,UNO1,Unspecified outside for one traveller,,Unspecified Polar outside cabin for one person.,,,,,False,cg-VA-PO-UNO1
ship_VA,VA,MS Vesterålen,UNO3,Unspecified cabin for up to 3 travellers,,"These comfortable, unspecified outside cabins on the middle or higher deck have double beds, separate beds (one of which is a sofa bed) or upper and lower berths. All have bathrooms with shower/WC.",,,,,False,cg-VA-PO-UNO3
ship_VA,VA,MS Vesterålen,USD3,Wheelchair accessible cabin for up to 3 travellers,,"Wheelchair accessible cabin for up to three people with wider door, accessible WC and adjusted bed. This comfortable outside cabin on the middle deck have upper and lower berths.",18,19,,,False,cg-VA-PO-USD3
ship_VA,VA,MS Vesterålen,USD5,Unspecified 5 berths handicap cabin,,"Wheelchair accessible cabin for up to five people with wider door, accessible WC and adjusted bed. This comfortable outside cabin on the middle deck have upper and lower berths.",20,20,,,False,cg-VA-PO-USD5
ship_VA,VA,MS Vesterålen,USP,Unspecified cabin for 2 people,,Unspecified polar inside cabin for 2 people,,,,,False,cg-VA-PI-USP
ship_VA,VA,MS Vesterålen,USP1,Unspecified cabin for 1 person,,Unspecified polar inside cabin for 1 person,,,,,False,cg-VA-PI-USP1
ship_VA,VA,MS Vesterålen,USP3,Unspecified cabin for up to 3 people,,Unspecified polar inside cabin for up to 3 people,,,,,False,cg-VA-PI-USP3
ship_VA,VA,MS Vesterålen,USP4,Unspecified cabin for up to 4 people,,Unspecified polar inside cabin for up to 4 people,,,,,False,cg-VA-PI-USP4
ship_VA,VA,MS Vesterålen,USPD,Unspecified Arctic Superior double,,"Our Arctic superior cabins all have private facilities, and double beds.",,,,,False,4xNUkFftQPykkBFTSIoKfd
ship_VA,VA,MS Vesterålen,USPI,Unspecified Polar Inside cabin,,These unspecified Polar Inside cabins for two people have bathrooms with shower/WC.,,,,,False,cg-VA-PI-USPI
ship_VA,VA,MS Vesterålen,USPL,Unspecified cabin with limited view,,"These comfortable, outside cabins on the lower or middle decks offer separate beds, one of which converts into a sofa, or upper and lower berths. The cabins may have portholes, and limited or no view.",,,,,False,cg-VA-PO-USPL
ship_VA,VA,MS Vesterålen,USPO,Unspecified cabin with full view,,"These comfortable, unspecified outside cabins for two people on the middle or higher decks have bathrooms with shower/WC. Some have bunk beds (one a sofa bed) or upper and lower berths.",,,,,False,cg-VA-PO-USPO
,WW,MS Midnatsol,CUB,Unspecified Arctic Superior cabin,,Our Arctic superior cabins all have private facilities and twin beds.,,,,,False,7fFl4ujh7XuREnWyqaDNDQ
,WW,MS Midnatsol,CUI,Unspecified Polar Inside cabin,,"These unspecified Polar Inside cabins can be found on lower, middle or higher decks.",,,,,False,2ekmeD6aWluPQF8meqs597
,WW,MS Midnatsol,CUL,Unspecified Polar Outside with limited view,,"These comfortable, unspecified Polar Outside cabins can be found on lower, middle or higher decks. Some offer separate beds where one converts into a sofa, others double beds. Upper berths can be offered in cabins designed for up to three people.  The cabins may have portholes, or window with limite",,,,,False,CFjQk4FqL5b42ZUNgoBTe
,WW,MS Midnatsol,CUO,Unspecified Polar Outside with full view,,"These comfortable, unspecified Polar Outside cabins can be found on middle or higher decks. Some offer separate beds where one converts into a sofa, others double beds. Upper berths can be offered in cabins designed for up to three people.  All cabins have windows, but may have obstructed view.",,,,,False,5uyx27469fEFCrKzyds5CG
,WW,MS Midnatsol,CUPO,Unspecified Polar Outside cabin (pet-friendly),,"These pet-friendly unspecified Polar Outside cabins can be found on lower or middle decks offering separate beds where one converts into a sofa. Upper berths can be offered in cabins designed for up to three people. The cabins may have portholes, or window with limited or no view.",,,,,False,6qeCZNOQGCQ5wZmuYQqr94
,WW,MS Midnatsol,CUSP,Unspecified cabin for up to 3 people,,Unspecified cabin for up to 3 people.,,,,,False,5M3CuNKtF1MtMZhrc16AQ5
,WW,MS Midnatsol,CUYA,Unspecified wheelchair accessible cabin for 3 people,,"This is a wheelchair accessible cabin. The bed, bathroom and door are adjusted to wheelchair and have a private bathroom and separate beds, one of which doubles as a sofa. The third bed is an upper berth.",16,16,,,False,57zRtTJTRxPC7UhqkAQdHr
,WW,MS Midnatsol,I2,Twin on lower deck,,"These comfortable, standard inside cabins for up to 2 people have separate beds, one of which converts into a sofa. All cabins have private bathrooms and a desk and chair.",9,11,,,False,cg-WW-PI-I2
,WW,MS Midnatsol,I4,Quadruple on lower deck,,"These spacious inside cabins are ideal for larger groups, sleeping up to 4 people in bunk beds. All cabins have private bathrooms and chair with desk.",14,14,,,False,cg-WW-PI-I4
,WW,MS Midnatsol,J2,Twin on upper deck with window (limited view),,"These comfortable outside cabins for up to two people have private bathrooms and separate beds, one of which converts into a sofa. All come with porthole for natural light, but limited view.",11,12,,,False,cg-WW-PO-J2
,WW,MS Midnatsol,J3,Triple on upper or middle deck with window (restricted view),,"These comfortable outside cabins for up to 3 people have private bathrooms and separate beds, one of which converts into a sofa. The third bed is an upper berth. All come with a porthole for natural light, but limited view.",11,12,,,False,cg-WW-PO-J3
,WW,MS Midnatsol,K2,Twin on upper deck,,"These comfortable, standard inside cabins for up to 2 people have twin beds, one of which converts into a sofa. All cabins have private bathrooms and a desk with chair.",9,10,,,False,5DPGj3Oy5SkVXra7Lan02s
,WW,MS Midnatsol,L2,Twin on lower deck with porthole,,"These comfortable outside cabins for up to 2 people have private bathrooms and separate beds, one of which converts into a sofa. The cabins have portholes, some with limited or no view.",10,13,,,False,cg-WW-PO-L2
,WW,MS Midnatsol,M2,Suite on middle deck with balcony,,"These smaller but elegant suites sleep up to 2 guests, with a double bed, seating area, private bathroom, minibar and a private balcony.",23,24,,,False,cg-WW-ES-M2
,WW,MS Midnatsol,MG,Grand Suite on middle or upper deck,,"These exclusive and spacious suites come with double bed, separate lounge area, and private bathroom with shower and/or bathtub. Cabins 775 and 780 also have a private balcony, giving you a front-view seat on the coast.",25,36,,,False,cg-WW-ES-MG
,WW,MS Midnatsol,MG4,Two-bed suite on upper deck,,"These exclusive suites sleep up to 4 guests, with a double bed, sofabed and seating area, mini bar and TV. They also boast a bay window with a full view of the coast.",26,26,,,False,16ETryMyDblEsNuolOsAnM
,WW,MS Midnatsol,MX,Owners' Suite on upper deck,,"Our most luxurious cabins. These spacious suites come with separate bedroom, a seating area and dining table, and private bathroom with bathtub. Enjoy views of the coast thanks for floor-to-ceiling windows that open out on to your own private balcony. Travel the best way possible!",44,45,,,True,cg-WW-ES-MX
,WW,MS Midnatsol,MX,Owner's suite with balcony,,"These exclusive two-room corner suites on the upper deck also feature:  Seating area, Dining table, Bathtub, Bathrobes and slippers on request",44,45,,,True,mOK2yAC2mDVAcL7hgES83
,WW,MS Midnatsol,N2,Twin on lower deck with window,,"These comfortable outside cabins for up to 2 people come with twin beds, chair with desk and private bathroom.",11,13,,,False,cg-WW-PO-N2
,WW,MS Midnatsol,O2,Twin on lower or promenade deck with window,,"These comfortable outside cabins on the mid-level walking deck sleep up to 2 guests in twin beds. All come with private bathrooms, TV, hair dryer and desk with chair. Some cabins have an inter-connecting door, making them a good option for families.Please note that cabin 415 has a porthole.",10,12,,,False,cg-WW-PO-O2
,WW,MS Midnatsol,O2D,Middle deck for two travellers,,These standard outside cabins for up to two people on the middle decks have double beds.,10,12,,,False,1uNW8mOrnzYdRfuXStpQpD
,WW,MS Midnatsol,P2,Twin on promenade deck with window,,"These comfortable, outside cabins for up to 2 people have a private bathroom and separate beds, one of which doubles as a sofa. All come with TV, hair dryer and tea and coffee facilities.",10,11,,,False,cg-WW-AS-P2
,WW,MS Midnatsol,P2D,Middle deck for two travellers,,These comfortable outside cabins for up to two people have double beds.,10,11,,,False,1iCunxSxksf9V58hJ2y7KO
,WW,MS Midnatsol,Q2,Mini Suite on middle deck,,"These comfortable suites sleep up to 2 guests and come with double bed, seating area, TV, Wi-Fi, tea and coffee and minibar.",13,14,,,False,cg-WW-ES-Q2
,WW,MS Midnatsol,Q3,Mini Suite on middle deck,,"These comfortable suites sleep up to 3 guests and come with double bed, seating area, TV, Wi-Fi, tea and coffee and minibar.",13,14,,,False,1NUEZMP3sG4SfyGNGUcWEl
,WW,MS Midnatsol,QJ,Large cabin on promenade or middle deck with window (restricted view),,"These large, comfortable cabins sleep up to 2 guests in either twin or double bed. All come with private bathroom, TV, hair dryer and tea and coffee facilities. All have a window or porthole for natural light, but the view is limited.",16,24,,,False,cg-WW-AS-QJ
,WW,MS Midnatsol,U2,Double on middle or upper deck with window,,"These comfortable cabins for up to 2 people have a private bathroom and separate beds, one of which doubles as a sofa. All come with TV, hairdryer and tea and coffee facilities. Many of the rooms have an inter-connecting door, making them a good option for families.",10,11,,,False,cg-WW-AS-U2
,WW,MS Midnatsol,U2D,Higher and lower decks for two travellers,,"These comfortable outside cabins for up to two people have double bed, full view, mini bar, a chair and TV.",11,14,,,False,2ziagOy5wyZdsCsv1PFPvP
,WW,MS Midnatsol,UNI3,Unspecified cabin for up to 3 people,,"These unspecified Polar Inside cabins for up to three people have bathrooms with shower/WC. Bunk beds, one of which converts into a sofa.",,,,,False,cg-WW-PI-UNI3
,WW,MS Midnatsol,UNI4,Unspecified cabin for up to 4 people,,"Some of these comfortable, unspecified inside cabins for up to four people, have separate beds (one of which is a sofa bed) or upper and lower berths. All have bathrooms with shower/WC.",,,,,False,cg-WW-PI-UNI4
,WW,MS Midnatsol,UNL3,Unspecified cabin for up to 3 travellers,,"These comfortable, outside cabins for three people on the lower or middle decks offer separate beds, one of which converts into a sofa, or upper and lower berths. The cabins may have portholes, with limited or no view.",,,,,False,cg-WW-PO-UNL3
,WW,MS Midnatsol,UNO3,Unspecified cabin for up to 3 travellers,,"These comfortable, unspecified outside cabins on the middle or higher deck have double beds, separate beds (one of which is a sofa bed) or upper and lower berths. All have bathrooms with shower/WC.",,,,,False,cg-WW-PO-UNO3
,WW,MS Midnatsol,USP,Unspecified cabin for 2 people,,Unspecified polar inside cabin for 2 people,,,,,False,cg-WW-PI-USP
,WW,MS Midnatsol,USP3,Unspecified cabin for up to 3 people,,Unspecified polar inside cabin for up to 3 people,,,,,False,cg-WW-PI-USP3
,WW,MS Midnatsol,USP4,Unspecified cabin for up to 4 people,,Unspecified polar inside cabin for up to 4 people,,,,,False,cg-WW-PI-USP4
,WW,MS Midnatsol,USPB,Unspecified Arctic Superior twin,,"Our Arctic superior cabins grades all have private facilities. Some have double beds, and others have bunk beds.",,,,,False,cg-WW-AS-USPB
,WW,MS Midnatsol,USPD,Unspecified Arctic Superior double,,"Our Arctic superior cabins all have private facilities, and double beds.",,,,,False,5vcbFlVfNQ56BO3dKpAOYm
,WW,MS Midnatsol,USPI,Unspecified Polar Inside cabin,,These unspecified Polar Inside cabins for two people have bathrooms with shower/WC.,,,,,False,cg-WW-PI-USPI
,WW,MS Midnatsol,USPL,Unspecified cabin with limited view,,"These comfortable, outside cabins on the lower or middle decks offer separate beds, one of which converts into a sofa, or upper and lower berths. The cabins may have portholes, and limited or no view.",,,,,False,cg-WW-PO-USPL
,WW,MS Midnatsol,USPO,Unspecified cabin with full view,,"These comfortable, unspecified outside cabins for two people on the middle or higher decks have bathrooms with shower/WC. Some have bunk beds (one a sofa bed) or upper and lower berths.",,,,,False,cg-WW-PO-USPO
,WW,MS Midnatsol,USPS,Unspecified suite,,"These unspecified suites on the upper deck have TV, and bathrooms with shower/WC.",,,,,False,cg-WW-ES-USPS
,WW,MS Midnatsol,UYA3,Unspecified wheelchair accessible cabin for 3 people,,,,,,,False,6StE4pRe3oGtqzhL2Izzq2
,WW,MS Midnatsol,YA3,Wheelchair accessible cabin for 3 people,,"This is a wheelchair-accessible cabin. It features an adjustable bed, a private bathroom, and a door designed for wheelchair users. The cabin has separate beds, one of which doubles as a sofa, and a third bed in an upper berth.",16,16,,,False,cg-WW-AS-YA3
