booking_code,title,type,price,currency,duration,difficulty_level,categories,is_included,guest_favourite,slug,seasons,years,contentful_id
CENBGO03,CENBGO03 - Island Seafood Dinner & Boat Trip from Bergen,Pre-Post-programme,1866,EUR,5 hours,Level 1: Easy - suitable for most people added,Food,False,False,bergen-island-seafood-dinner-boat-trip,Spring (Apr - May) | Summer (Jun - Aug) | Autumn (Sep - Oct),,17584
CENBGO05,CENBGO05 - Fjord Cruise to Mostraumen ,Pre-programme,944,NOK,"3-3,5 h",,None,False,False,cenbgo05-fjord-cruise-to-mostraumen,Spring (Apr - May) | Autumn (Sep - Oct) | Winter (Nov - Mar) | Summer (Jun - Aug),2025 | 2026,2ga1r14wVuKbO5DbFXr59j
CENOSL01 ,CENOSL01 - Oslo Panorama Tour – Bus Sightseeing,Pre-Post-programme,647,NOK,3h,,None,False,False,oslo-panorama-tour-bus-sightseeing,,,369EtIEo1IzWlrr0eeLhuM
CENOSL02,CENOSL02 - Oslo Discovery Tour – Bus Sightseeing,Pre-programme,1125,NOK,"5,5h",,None,False,False,oslo-discovery-tour-bus-sightseeing,,,3HFSMnmxBi7JabadnjqChg
E-GEI2,Geiranger - Guided E-Bike Tour (OLD),Excursion,0,EUR,3hrs,Level 3: Active - good mobility needed,None,False,False,geiranger-guided-e-bike-tour,Winter (Nov - Mar) | Spring (Apr - May) | Summer (Jun - Aug) | Autumn (Sep - Oct),2022 | 2023 | 2025 | 2026 | 2027,100852
E-NFJ1,E-NFJ1 - Loen - Snowshoe Hiking ,Excursion,890,EUR,4hrs,Level 3: Active - good mobility needed,None,False,False,loen-snowshoe-hiking,Winter (Nov - Mar) | Spring (Apr - May) | Summer (Jun - Aug) | Autumn (Sep - Oct),2024 | 2025 | 2026 | 2027,101134
E-SVG4,E-SVG4 - Stavanger - Viking Life (OLD),Excursion,1507,EUR,2h30,Level 2: Moderate - some mobility needed,Culture,False,False,stavanger-viking-life,Winter (Nov - Mar) | Spring (Apr - May) | Summer (Jun - Aug) | Autumn (Sep - Oct),2021 | 2022,95351
E-TOS15,Explore Tromsø by E-Bike ,Excursion,1112,EUR,3hrs,Level 3: Active - good mobility needed,None,False,False,explore-tromso-by-e-bike,Winter (Nov - Mar) | Spring (Apr - May) | Summer (Jun - Aug) | Autumn (Sep - Oct),2024 | 2025 | 2026 | 2027,100710
"E1452KL2OBBAL, CENSINBB24, SINBO1452SU",SINBO1452SU - Sognefjord in a Nutshell | 2 days,Pre-Post-programme,5000,EUR,2 days,Level 1: Easy - suitable for most people added,Nature,False,False,sognefjord-in-a-nutshell-2-day,Spring (Apr - May) | Summer (Jun - Aug),,91999
"E1454KL2,SINBB1454SU",Sognefjord in a Nutshell  | 1 day,Pre-Post-programme,2476,EUR,10 hours,Level 1: Easy - suitable for most people,Nature,False,False,sognefjord-in-a-nutshell,Summer (Jun - Aug) | Autumn (Sep - Oct),,17532
HR-AES2B,HR-AES2B - Geiranger With Trollstigen Pass,Excursion,2990,EUR,8 hours,Level 1: Easy - suitable for most people,Nature,False,False,geiranger-trollstigen-pass,Summer (Jun - Aug),2024 | 2025 | 2026 | 2027,31563
HR-AES2C,HR-AES2C - Art Nouveau Walk (Winter),Excursion,990,EUR,2 hours,Level 2: Moderate - some mobility needed,Culture,False,False,art-nouveau-walk-spring-winter,Winter (Nov - Mar),2024 | 2025 | 2026 | 2027,31566
HR-AES2D,HR-AES2D - Atlanterhavsparken Aquarium and Ålesund ,Excursion,990,EUR,2 hours,Level 2: Moderate - some mobility needed,Nature,False,False,atlanterhavsparken-aquarium-alesund,Winter (Nov - Mar),2024 | 2025 | 2026 | 2027,31564
HR-AES2E,HR-AES2E - Art Nouveau Walk (Spring & Autumn),Excursion,690,EUR,1 hour 30 minutes,Level 2: Moderate - some mobility needed,Culture,False,False,art-nouveau-walk-autumn,Autumn (Sep - Oct) | Spring (Apr - May),2024 | 2025 | 2026 | 2027,31567
HR-AES2K,HR-AES2K - Kayaking in Ålesund ,Excursion,1190,EUR,2 hours 15 minutes,Level 4: Challenging - good mobility and fitness needed,Active,False,False,kayaking-in-alesund,Winter (Nov - Mar),2024 | 2025 | 2026 | 2027,43713
HR-AES2L,HR-AES2L - Alnes Lighthouse,Excursion,1490,EUR,3 hours 30 minutes,Level 1: Easy - suitable for most people,Nature,False,False,alnes-lighthouse,Winter (Nov - Mar),2024 | 2025 | 2026 | 2027,79559
HR-AES2O,HR-AES2O - Hjørundfjord - tastes and traditions,Excursion,2490,EUR,6 hours 30 minutes,Level 1: Easy - suitable for most people,Nature,False,False,hjorundfjord-tastes-and-traditions,Winter (Nov - Mar),2024 | 2025 | 2026 | 2027,107656
HR-AES2S,HR-AES2S - Silent Hjørundfjord,Excursion,1990,NOK,7h,,None,False,False,silent-hjorundfjord,Winter (Nov - Mar),2025 | 2026 | 2027,2oCiWqjDi86JiaWPSD1rpr
HR-BNN10C,HR-BNN10C - Visit the Salmon ,Excursion,1390,EUR,2 hours 30 minutes,Level 2: Moderate - some mobility needed,Culture,False,False,visit-the-salmon,Spring (Apr - May) | Summer (Jun - Aug) | Autumn (Sep - Oct) | Winter (Nov - Mar),2024 | 2025 | 2026,31067
HR-BNN10D,HR-BNN10D - Hike to Torghatten Mountain ,Excursion,1490,EUR,2 hours,Level 4: Challenging - good mobility and fitness needed,Active,False,False,hike-to-torghatten,Summer (Jun - Aug) | Autumn (Sep - Oct),2024 | 2025 | 2026,60516
HR-BNN10F,HR-BNN10F - Sea Adventure by RIB (utgår etter sommer 25),Excursion,1790,EUR,2 hours 30 minutes,Level 3: Active - good mobility needed,Active,False,False,sea-adventure-by-rib,Spring (Apr - May) | Summer (Jun - Aug) | Autumn (Sep - Oct),2025 | 2026 | 2027,113321
HR-BOO4B,HR-BOO4B - Arctic Coastal Walk,Excursion,1090,EUR,2 hours 10 minutes,Level 3: Active - good mobility needed,Active,False,False,arctic-coastal-walk,Spring (Apr - May) | Summer (Jun - Aug) | Autumn (Sep - Oct) | Winter (Nov - Mar),2024 | 2025 | 2026 | 2027,43583
HR-BOO4C,HR-BOO4C - Experience Bodø and Saltstraumen ,Excursion,1090,EUR,2 hours 10 minutes,Level 2: Moderate - some mobility needed,Nature,False,False,bodo-and-saltstraumen,Spring (Apr - May) | Summer (Jun - Aug) | Autumn (Sep - Oct) | Winter (Nov - Mar),2024 | 2025 | 2026,31069
HR-BOO4D,HR-BOO4D - RIB Safari To Saltstraumen,Excursion,1790,EUR,2 hours,Level 3: Active - good mobility needed,Nature,False,False,rib-safari-to-saltstraumen,Spring (Apr - May) | Summer (Jun - Aug) | Autumn (Sep - Oct),2024 | 2025 | 2026,31574
HR-BOO4L,HR-BOO4L - Sámi Adventure ,Excursion,1690,NOK,1h 45min,,Culture,False,False,sami-adventure,Winter (Nov - Mar) | Spring (Apr - May),2025 | 2026 | 2027,5U4lg1yZ5AzBYfpElTmsuw
HR-HFT8B,HR-HFT8B - The Northernmost Town In The World,Excursion,1190,EUR,1 hour 45 minutes,Level 1: Easy - suitable for most people,Culture,False,False,the-northernmost-town-in-the-world,Spring (Apr - May) | Summer (Jun - Aug) | Autumn (Sep - Oct) | Winter (Nov - Mar),2024 | 2025 | 2026,31532
HR-HFT8G,HR-HFT8G - Mountain Hike In Hammerfest,Excursion,1090,EUR,1 hour 30 minutes,Level 4: Challenging - good mobility and fitness needed,"Active, Nature",False,False,mountain-hike-in-hammerfest,Spring (Apr - May) | Summer (Jun - Aug) | Autumn (Sep - Oct) | Winter (Nov - Mar),2024 | 2025 | 2026 | 2027,31535
HR-HJF2F,HR-HJF2F - A Taste of Norway ,Excursion,1390,EUR,2 hours 15 minutes,Level 1: Easy - suitable for most people,Nature,False,False,taste-of-norway,Autumn (Sep - Oct) | Spring (Apr - May),2024 | 2023 | 2025 | 2026 | 2027,31060
HR-HJF2G,HR-HJF2G - Mountain Hike in the Hjørundfjord ,Excursion,1290,EUR,2 hours 45 minutes,Level 4: Challenging - good mobility and fitness needed,Active,False,False,mountain-hike-hjorundfjord,Autumn (Sep - Oct),2023 | 2024 | 2025 | 2026 | 2027,31562
HR-HJF2H,HR-HJF2H - Hike with a Visit to a Shieling,Excursion,1290,EUR,2 hours 45 minutes,Level 3: Active - good mobility needed,"Active, Nature",False,False,hike-with-a-visit-to-a-shieling,Autumn (Sep - Oct) | Spring (Apr - May),2024 | 2025 | 2026 | 2027,31565
HR-HJF2J,"HR-HJF2J - Hjørundfjord, Geiranger, and Ålesund  ",Excursion,2790,EUR,6 hours 30 minutes,Level 1: Easy - suitable for most people,Nature,False,False,hjorundfjord-geiranger-alesund,Autumn (Sep - Oct),2024 | 2025 | 2026 | 2027,43580
HR-HJF2U,HR-HJF2U - E-Bike Tour in Hjørundfjorden  ,Excursion,1590,,3 hours,,Active,False,False,e-bike-tour-in-hjorundfjorden,Spring (Apr - May) | Autumn (Sep - Oct),2025 | 2026 | 2027,X7EzNy5XKDfWXzxTptSIe
HR-HRD9A,HR-HRD9A - A Taste of Vesterålen ,Excursion,1490,EUR,4 hours 15 minutes,Level 1: Easy - suitable for most people,Nature,False,False,taste-of-vesteralen,Spring (Apr - May) | Summer (Jun - Aug) | Autumn (Sep - Oct) | Winter (Nov - Mar),2024 | 2025 | 2026 | 2027,31199
HR-HVG6A,HR-HVG6A - The North Cape (Original),Excursion,1790,EUR,3 hours,Level 1: Easy - suitable for most people,Nature,False,False,north-cape,Spring (Apr - May) | Summer (Jun - Aug) | Autumn (Sep - Oct) | Winter (Nov - Mar),2024 | 2025 | 2026,31514
HR-HVG6B,HR-HVG6B - Birdwatching Safari,Excursion,2290,EUR,3 hours,Level 2: Moderate - some mobility needed,Nature,False,False,birdwatching-safari,Summer (Jun - Aug) | Autumn (Sep - Oct),2024 | 2025 | 2026,31516
HR-HVG6H,HR-HVG6H - Fishing Village Visit,Excursion,1390,EUR,3 hours,Level 2: Moderate - some mobility needed,Culture,False,False,fishing-village-visit,Spring (Apr - May) | Summer (Jun - Aug) | Autumn (Sep - Oct) | Winter (Nov - Mar),2024 | 2025 | 2026,31517
HR-HVG8A,HR-HVG8A - Breakfast at the North Cape ,Excursion,2350,EUR,6 hours,Level 1: Easy - suitable for most people,Food,False,False,breakfast-at-north-cape,Summer (Jun - Aug) | Autumn (Sep - Oct),2024 | 2025 | 2026,31534
HR-KJD6C,HR-KJD6C - Sámi Culture ,Excursion,1350,EUR,2 hours 30 minutes,Level 1: Easy - suitable for most people,Culture,False,False,sami-culture,Spring (Apr - May) | Summer (Jun - Aug) | Autumn (Sep - Oct),2024 | 2025 | 2026,31518
HR-KJD6D,HR-KJD6D - Snowmobile Trip In The Arctic,Excursion,3890,EUR,2 hours 30 minutes,Level 3: Active - good mobility needed,Active,False,False,snowmobile-trip-in-the-arctic,Spring (Apr - May) | Winter (Nov - Mar),2024 | 2025 | 2026,31519
HR-KKN7A,HR-KKN7A - The Norwegian Border   ,Excursion,1350,EUR,3 hours,Level 1: Easy - suitable for most people,Culture,False,False,norwegian-border,Spring (Apr - May) | Summer (Jun - Aug) | Autumn (Sep - Oct) | Winter (Nov - Mar),2024 | 2025 | 2026 | 2027,31523
HR-KKN7B,HR-KKN7B - Riverboat to the Norwegian Border,Excursion,1690,EUR,2 hours 30 minutes,Level 2: Moderate - some mobility needed,Culture,False,False,riverboat-to-the-norwegian-border,Summer (Jun - Aug) | Autumn (Sep - Oct),2024 | 2025 | 2026,31524
HR-KKN7C,HR-KKN7C - Snowmobile Safari,Excursion,2490,EUR,2 hours 30 minutes,Level 3: Active - good mobility needed,Active,False,False,snowmobile-safari,Spring (Apr - May) | Winter (Nov - Mar),2024 | 2025 | 2026,31525
HR-KKN7D,HR-KKN7D - Kirkenes Snowhotel,Excursion,1390,EUR,3 hours ,Level 2: Moderate - some mobility needed,None,False,False,kirkenes-snow-hotel,Spring (Apr - May) | Summer (Jun - Aug) | Autumn (Sep - Oct) | Winter (Nov - Mar),2024 | 2025 | 2026,2130
HR-KKN7E,HR-KKN7E - ATV/Quad-safari to the Norwegian border (Kirkenes),Excursion,1890,EUR,2 hours 30 minutes,Level 4: Challenging - good mobility and fitness needed,Active,False,False,atv-safari-to-the-norwegian-border,Summer (Jun - Aug) | Autumn (Sep - Oct),2024 | 2025 | 2026,31527
HR-KKN7F,HR-KKN7F - Husky Tour,Excursion,2990,EUR,3 hours,Level 3: Active - good mobility needed,Nature,False,False,husky-sledge-adventure,Spring (Apr - May) | Winter (Nov - Mar),2024 | 2025 | 2026,31528
HR-KKN7H,HR-KKN7H - King Crab Adventure (Summer),Excursion,2490,EUR,3 hours,Level 1: Easy - suitable for most people,Food,False,False,king-crab-adventure-summer,Summer (Jun - Aug),2024 | 2025 | 2026 | 2027,31530
HR-KKN7M,HR-KKN7M - King Crab Adventure (Winter),Excursion,2790,EUR,3 hours,Level 1: Easy - suitable for most people,Food,False,False,king-crab-adventure-winter,Spring (Apr - May) | Winter (Nov - Mar),2024 | 2025 | 2026,77068
HR-KSU11C,HR-KSU11C - The Atlantic Road (Original),Excursion,1790,EUR,4 hours 30 minutes,Level 1: Easy - suitable for most people,Nature,False,False,the-atlantic-road,Spring (Apr - May) | Summer (Jun - Aug),2024 | 2025 | 2026 | 2027,31587
HR-KSU11E,HR-KSU11E - Bergtatt – Magnificent Marble Mine  ,Excursion,1890,EUR,4 hours 30 minutes,Level 2: Moderate - some mobility needed,Nature,False,False,bergtatt-marble-mine,Spring (Apr - May) | Autumn (Sep - Oct) | Winter (Nov - Mar),2024 | 2025 | 2026 | 2027,31588
HR-MEH8F,HR-MEH8F - Snowmobile Trip in the Polar Night ,Excursion,3990,EUR,2 hours 15 minutes,Level 3: Active - good mobility needed,Active,False,False,snowmobile-trip-into-the-polar-night,Spring (Apr - May) | Winter (Nov - Mar),2024 | 2025 | 2026 | 2027,31533
HR-ORS4A,HR-ORS4A - Svartisen Glacier,Excursion,2990,EUR,5 hours ,Level 2: Moderate - some mobility needed,Nature,False,False,svartisen-glacier,Summer (Jun - Aug),2024 | 2025 | 2026 | 2027,31573
HR-SKN9C,HR-SKN9C - Sea Eagle Safari,Excursion,1890,EUR,2 hours,Level 2: Moderate - some mobility needed,Nature,False,False,sea-eagle-safari,Spring (Apr - May) | Summer (Jun - Aug) | Autumn (Sep - Oct),2024 | 2025 | 2026 | 2027,31100
HR-SRD9K,HR-SRD9K - The Hurtigruten Museum ,Excursion,1290,EUR,2 hours 15 minutes,Level 1: Easy - suitable for most people,Culture,False,False,hurtigruten-museum,Spring (Apr - May) | Summer (Jun - Aug) | Autumn (Sep - Oct) | Winter (Nov - Mar),2024 | 2025 | 2026,88340
HR-SSJ10B,HR-SSJ10B - UNESCO Vega Archipelago,Excursion,3690,EUR,5 hours ,Level 1: Easy - suitable for most people,Nature,False,False,vega-archipelago,Summer (Jun - Aug) | Autumn (Sep - Oct),2024 | 2025 | 2026 | 2027,31066
HR-STU4E,HR-STU4E - Meet the Vikings (Winter),Excursion,1990,EUR,2 hours 30 minutes,Level 1: Easy - suitable for most people,Culture,False,False,meet-the-vikings-winter,Winter (Nov - Mar),2024 | 2025 | 2026,31076
HR-STU4F,HR-STU4F - Meet the Vikings (Summer),Excursion,1990,EUR,2 hours 30 minutes,Level 1: Easy - suitable for most people,Culture,False,False,meet-the-vikings-summer,Spring (Apr - May) | Summer (Jun - Aug) | Autumn (Sep - Oct),2024 | 2025 | 2026,31077
HR-STU4G,HR-STU4G - Highlights of Lofoten,Excursion,1390,EUR,2 hours 40 min,Level 1: Easy - suitable for most people,Culture,False,False,highlights-of-lofoten,Spring (Apr - May) | Summer (Jun - Aug),2024 | 2025 | 2026 | 2027,31078
HR-STU4I,HR-STU4I - Farm Visit in Lofoten ,Excursion,1590,EUR,2 hours 40 min,Level 2: Moderate - some mobility needed,Food,False,False,farm-visit-in-lofoten,Spring (Apr - May) | Summer (Jun - Aug),2024 | 2025 | 2026 | 2027,31202
HR-SVJ9B,HR-SVJ9B - Lofoten Islands,Excursion,1390,EUR,3 hours 30 minutes,Level 1: Easy - suitable for most people,Culture,False,False,lofoten-islands,Spring (Apr - May) | Summer (Jun - Aug),2024 | 2025 | 2026,31198
HR-SVJ9D,HR-SVJ9D - Lofoten by Horse ,Excursion,2490,EUR,3 hours 30 minutes,Level 3: Active - good mobility needed,Active,False,False,lofoten-by-horse,Spring (Apr - May) | Summer (Jun - Aug) | Autumn (Sep - Oct) | Winter (Nov - Mar),2024 | 2025 | 2026 | 2027,31197
HR-SVJ9E,HR-SVJ9E - RIB Adventure in Lofoten ,Excursion,1790,EUR,1 hour 30 minutes,Level 3: Active - good mobility needed,Nature,False,False,rib-adventure-in-lofoten,Summer (Jun - Aug),2024 | 2025 | 2026 | 2027,31195
HR-SVJ9H,HR-SVJ9H - Lofotpils Brewery,Excursion,550,EUR,40 minutes,Level 2: Moderate - some mobility needed,Food,False,False,lofotpils-brewery,Spring (Apr - May) | Summer (Jun - Aug) | Autumn (Sep - Oct) | Winter (Nov - Mar),2024 | 2025 | 2026 | 2027,31080
HR-TOS5A,HR-TOS5A - The Arctic Capital Tromsø ,Excursion,1690,EUR,3 hours 30 minutes,Level 1: Easy - suitable for most people,Culture,False,False,arctic-capital-tromso,Spring (Apr - May) | Summer (Jun - Aug) | Autumn (Sep - Oct) | Winter (Nov - Mar),2024 | 2025 | 2026 | 2027,31068
HR-TOS5B,HR-TOS5B - Dog Sledding (Tromsø),Excursion,3090,EUR,3 hours 30 minutes,Level 3: Active - good mobility needed,Nature,False,False,dog-sledding-tromso,Winter (Nov - Mar),2024 | 2025 | 2026,31575
HR-TOS5D,HR-TOS5D - Polar History Walk,Excursion,1090,EUR,2 hours 30 minutes,Level 2: Moderate - some mobility needed,Culture,False,False,polar-history-walk,Winter (Nov - Mar),2024 | 2025 | 2026,31577
HR-TOS5M,HR-TOS5M - Cross-Country Skiing,Excursion,1790,EUR,3 hours,Level 3: Active - good mobility needed,Active,False,False,cross-country-skiing,Spring (Apr - May) | Winter (Nov - Mar),2024 | 2025 | 2026,31580
HR-TOS5N,HR-TOS5N - Snowshoeing In Tromsø,Excursion,1790,EUR, 3 hours,Level 4: Challenging - good mobility and fitness needed,Active,False,False,snowshoeing-in-tromso,Spring (Apr - May) | Winter (Nov - Mar),2024 | 2025  | 2026 | 2027,31581
HR-TOS8C,HR-TOS8C - Midnight Concert in the Wooden Cathedral,Excursion,590,EUR,1 hour 15 minutes,Level 1: Easy - suitable for most people,Culture,False,False,midnight-concert-tromso-cathedral,Winter (Nov - Mar) | Spring (Apr - May) | Summer (Jun - Aug) | Autumn (Sep - Oct),2024 | 2025 | 2026 | 2027,120945
HR-TRD11A,HR-TRD11A - Trondheim With Nidaros Cathedral,Excursion,1090,EUR,2 hours,Level 1: Easy - suitable for most people,Culture,False,False,nidaros-cathedral,Spring (Apr - May) | Summer (Jun - Aug) | Autumn (Sep - Oct) | Winter (Nov - Mar),2024 | 2025 | 2026 | 2027,31585
HR-TRD3A,HR-TRD3A - Nidaros Cathedral & Ringve Museum,Excursion,1190,EUR,3 hours,Level 2: Moderate - some mobility needed,Culture,False,False,nidaros-cathedral-ringve-museum,Spring (Apr - May) | Summer (Jun - Aug),2024 | 2025 | 2026 | 2027,31568
HR-TRD3B,HR-TRD3B - Trondheim with Nidaros Cathedral ,Excursion,1090,EUR,2 hours,Level 1: Easy - suitable for most people,Culture,False,False,trondheim-with-nidaros-cathedral,Autumn (Sep - Oct) | Winter (Nov - Mar),2024 | 2025 | 2026 | 2027,31569
HR-TRD3D,HR-TRD3D - Trondheim City Walk,Excursion,790,EUR,3 hours,Level 3: Active - good mobility needed,Culture,False,False,trondheim-city-walk,Spring (Apr - May) | Summer (Jun - Aug) | Autumn (Sep - Oct) | Winter (Nov - Mar),2024 | 2025 | 2026,31570
HR-TRD3G,HR-TRD3G - Kayaking on the River Nid ,Excursion,1490,EUR,2 hours 30 minutes,Level 4: Challenging - good mobility and fitness needed,Active,False,False,kayaking-on-the-river-nid,Spring (Apr - May) | Summer (Jun - Aug) | Autumn (Sep - Oct) | Winter (Nov - Mar),2024 | 2025 | 2026,31572
HR-TRD3H,HR-TRD3H - Cycling In Trondheim,Excursion,890,EUR,2 hours 45 minutes,Level 3: Active - good mobility needed,Active,False,False,cycling-in-trondheim,Spring (Apr - May) | Summer (Jun - Aug) | Autumn (Sep - Oct),2024 | 2025 | 2026,31571
"HRI-BNN13B,HRS-BNN2",HRS-BNN2 - Brønnøysund by Bike ,Excursion,1090,EUR,2 hours 30 minutes,Level 2: Moderate - some mobility needed,Active,False,False,bronnoysund-by-bike,Spring (Apr - May) | Summer (Jun - Aug),2024 | 2025 | 2026 | 2027,103046
HRS-AES1,HRS-AES1 - Mountain Peaks & Fjords - A Scenic Bus Tour ,Excursion,1990,EUR,6 hours,Level 1: Easy - suitable for most people,Nature,False,False,mountain-peaks-fjords,Spring (Apr - May) | Summer (Jun - Aug) | Autumn (Sep - Oct),2023 | 2024 | 2025 | 2026 | 2027,105275
HRS-AES2,HRS-AES2 - Ålesund on Foot,Excursion,790,EUR,1 hours 30 minutes ,,Active,False,False,alesund-on-foot,Summer (Jun - Aug) | Autumn (Sep - Oct) | Spring (Apr - May),2024 | 2025 | 2026,1RwVlyDpfjOmxNfa8KjoY4
HRS-AES3,HRS-AES3 - Saga Islands Bus Tour to Alnes - Winter ,Excursion,1790,EUR,3 hours,Level 1: Easy - suitable for most people,Nature,False,False,saga-islands-bus-tour-to-alnes-winter,Spring (Apr - May) | Autumn (Sep - Oct) | Winter (Nov - Mar),2023 | 2024 | 2025 | 2026,105413
HRS-AES4,HRS-AES4 - Ålesund walk and beer tasting,Excursion,1290,EUR,2 hours 15 minutes,Level 2: Moderate - some mobility needed,Culture,False,False,architecture-breweries-alesund-on-foot,Spring (Apr - May) | Summer (Jun - Aug) | Autumn (Sep - Oct) | Winter (Nov - Mar),2025 | 2026 | 2027,105335
HRS-ALF1,HRS-ALF1 - Dog Sledding in Alta,Excursion,3390,EUR,2 hours 30 minutes,Level 3: Active - good mobility needed,Active,False,False,dog-sledding-in-alta,Winter (Nov - Mar),2023 | 2024 | 2025 | 2026 | 2027,103142
HRS-ALF2,Dog Sledding on Wheels in Alta,Excursion,3390,EUR,2 hours 15 minutes,Level 3: Active - good mobility needed,Active,False,False,dog-sledding-on-wheels-in-alta,Autumn (Sep - Oct) | Winter (Nov - Mar),2023 | 2024 | 2025 | 2026 | 2027,103141
HRS-ALF5,HRS-ALF5 - Visit The Magical Igloo Hotel in Alta,Excursion,1390,EUR,2 hours 30 minutes,Level 1: Easy - suitable for most people,Culture,False,False,visit-the-magical-igloo-hotel-in-alta,Winter (Nov - Mar),2023 | 2024 | 2025 | 2026 | 2027,103140
HRS-ALF6,HRS-ALF6 - UNESCO Rock Art & Northern Lights Cathedral,Excursion,1690,EUR,3 hours,Level 1: Easy - suitable for most people,Nature,False,False,unesco-rock-art-northern-lights-cathedral,Spring (Apr - May) | Autumn (Sep - Oct) | Winter (Nov - Mar),2023 | 2024 | 2025 | 2026 | 2027,103143
HRS-AND1,HRS-AND1 - Åndalsnes Town Walk and Romsdal Gondola ,Excursion,1790,EUR,2 hours 30 minutes ,,None,False,False,andalsnes-town-walk-and-romsdal-gondola,Spring (Apr - May) | Summer (Jun - Aug) | Autumn (Sep - Oct) | Winter (Nov - Mar),2024 | 2025 | 2026 | 2027,4g8RIhvPt327Th4F57bx8j
HRS-AND2,HRS-AND2 - Hairpin Bends & Soaring Mountains - Trollstigen Scenic Bus Tour,Excursion,1990,EUR,3 hours,Level 1: Easy - suitable for most people,Nature,False,False,trollstigen-scenic-bus-tour,Summer (Jun - Aug) | Autumn (Sep - Oct),2023 | 2024 | 2025 | 2026 | 2027,105340
HRS-AND3,HRS-AND3 - Stand-Up Paddle Board in Åndalsnes ,Excursion,1790,EUR,4 hours,Level 3: Active - good mobility needed,Active,False,False,stand-up-paddle-board-in-andalsnes,Summer (Jun - Aug),2023 | 2024 | 2025 | 2026 | 2027,103175
HRS-AND4,HRS-AND4 - The Golden Train (summer),Excursion,1190,EUR,2 hours 30 minutes,,None,False,False,the-golden-train,Spring (Apr - May) | Summer (Jun - Aug) | Autumn (Sep - Oct) | Winter (Nov - Mar),2024 | 2025 | 2026 | 2027,7wg62j9tNuND0XThHdALf8
HRS-AND5,HRS-AND5 - The Golden Train - Winter,Excursion,650,NOK,2 hours 40 minutes,,None,False,False,golden-train-winter,Autumn (Sep - Oct) | Winter (Nov - Mar) | Spring (Apr - May),2025 | 2026 | 2027,2jgqVy7D1WRUcPKA9FdH5k
HRS-BG02 ,HRS-BG02 - Discover Bergen by E-Bus ,Excursion,1026,NOK,2 hours,,None,False,False,discover-bergen-by-e-bus,,2025 | 2026 | 2027,3yvxCosGy9T6Z49akJU9wc
HRS-BGO1,HRS-BGO1 - Bergen City Walk ,Excursion,790,EUR,2hrs30,Level 3: Active - good mobility needed,None,False,False,bergen-walking-tour,Winter (Nov - Mar) | Spring (Apr - May) | Summer (Jun - Aug) | Autumn (Sep - Oct),2024 | 2025 | 2026 | 2027,99661
HRS-BGO3,HRS-BGO3 - Heritage & Highlights - The best of Bergen,Excursion,1948,,,,None,False,False,heritage-and-highlights-the-best-of-bergen,,2025 | 2026 | 2027,5f7gSdN3B8PqHaSr4lBD31
HRS-BNN1,HRS-BNN1 - Legends of Torghatten and Brønnøysund - Summer,Excursion,1690,EUR,2 hours 30 minutes,Level 1: Easy - suitable for most people,Culture,False,False,legends-of-torghatten-and-bronnoysund-summer,Spring (Apr - May) | Summer (Jun - Aug) | Autumn (Sep - Oct),2023 | 2024 | 2025 | 2026 | 2027,103045
HRS-BNN4,HRS-BNN4 - Torghatten Mountain Hike,Excursion,1590,EUR,2 hours 40 minutes,Level 4: Challenging - good mobility and fitness needed,Active,False,False,torghatten-mountain-hike,Spring (Apr - May) | Summer (Jun - Aug) | Autumn (Sep - Oct),2023 | 2024 | 2025 | 2026 | 2027,103048
HRS-BSK1,HRS-BSK1 - Journey to Roan and organic farm visit,Excursion,1990,NOK,4 hours 30 minutes,,None,False,False,journey-to-roan-and-organic-farm-visit,Spring (Apr - May) | Summer (Jun - Aug),2025 | 2026 | 2027,563EXv9Ylv6NGII75q1OaY
HRS-BSK2,HRS-BSK2 - Nostalgic cutter fishing boat trip,Excursion,2294,NOK,3 hours,,None,False,False,nostalgic-cutter-fishing-boat-trip,Spring (Apr - May) | Summer (Jun - Aug),2025 | 2026 | 2027,4wotSe1rPmOopBjUXOgITG
HRS-BSK3,HRS-BSK3 - E-bike tour to Møllerhytta,Excursion,1718,,3h,,None,False,False,e-bike-tour-to-mollerhytta,,,7uxaYzg20mtzSxH78svJoN
HRS-BSK4,HRS-BSK4 - Hike to Storskardheia mountain,Excursion,1141,,3 hours,,"Active, Nature",False,False,hike-to-storskardheia-mountain,Spring (Apr - May) | Summer (Jun - Aug),2025 | 2026 | 2027,7D0ZazNS5iGWNu7Yhp5SZW
HRS-BSK5,HRS-BSK5 - Traditional Norwegian forest hike,Excursion,,,2 hours,,None,False,False,traditional-norwegian-forest-hike,Spring (Apr - May) | Summer (Jun - Aug),2025,1N1vY3e7wROUDdbzXTPq8F
HRS-HVG1,HRS-HVG1 - The North Cape (Signature),Excursion,1790,EUR,3 hours,Level 1: Easy - suitable for most people,Nature,False,False,the-north-cape,Spring (Apr - May) | Summer (Jun - Aug) | Autumn (Sep - Oct) | Winter (Nov - Mar),2024 | 2025 | 2026 | 2027,1pI85yiw7O8loJPqIDOtHz
HRS-HVG2,HRS-HVG2 - North Cape and King Crab Experience,Excursion,2790,EUR,5 hours,Level 1: Easy - suitable for most people,Food,False,False,north-cape-and-king-crab-experience-summer,Spring (Apr - May) | Summer (Jun - Aug) | Winter (Nov - Mar) | Autumn (Sep - Oct),2023 | 2024 | 2025 | 2026 | 2027,103034
HRS-HVG2,HRS-HVG2 - North Cape and King Crab Experience,Excursion,2790,EUR,6-7 hours,Level 1: Easy - suitable for most people,Food,False,False,north-cape-and-king-crab-experience-winter,Spring (Apr - May) | Autumn (Sep - Oct) | Winter (Nov - Mar),2024 | 2025 | 2026 | 2027,103144
HRS-HVG3,HRS-HVG3 - Birdwatching Safari & The North Cape,Excursion,2990,EUR,5 hours 30 minutes  ,,Active,False,False,birdwatching-safari-and-the-north-cape,Spring (Apr - May) | Summer (Jun - Aug),2024 | 2025 | 2026 | 2027,7GunwhkJD7FyWaaB9Wsy7e
HRS-HVG4,HRS-HVG4 - Quad Biking to North Cape ,Excursion,3390,EUR,4 hours 30 minutes,Level 3: Active - good mobility needed,Active,False,False,quad-biking-to-north-cape,Spring (Apr - May) | Summer (Jun - Aug) | Autumn (Sep - Oct),2024 | 2025 | 2026 | 2027,103040
HRS-HVG6,HRS-HVG6 - RIB & King Crab Experience,Excursion,2790,EUR,3 hours 30 minutes,,Food,False,False,rib-and-king-crab-experience,Summer (Jun - Aug) | Autumn (Sep - Oct),2024 | 2025 | 2026 | 2027,4k94IjBmSjeoB9z6wEwiVT
HRS-HVG7,HRS-HVG7 - Arctic Ice Fishing ,Excursion,3390,EUR,2 hours 30 minutes,Level 3: Active - good mobility needed,Active,False,False,arctic-ice-fishing,Winter (Nov - Mar),2023 | 2024 | 2025 | 2026 | 2027,103147
HRS-KOP1,HRS-KOP1 - Viking Tour by Bus,Excursion,1390,EUR,2 hours 25 minutes,Level 1: Easy - suitable for most people,Culture,False,False,haugesund-viking-tour-by-bus,Spring (Apr - May) | Autumn (Sep - Oct) | Winter (Nov - Mar),2023 | 2024 | 2025 | 2026 | 2027,103152
HRS-KOP3,HRS-KOP3 - Viking Experience by RIB ,Excursion,3090,EUR,2 hours 40 minutes,Level 3: Active - good mobility needed,Active,False,False,viking-experience-by-rib,Spring (Apr - May) | Autumn (Sep - Oct) | Winter (Nov - Mar),2023 | 2024 | 2025 | 2026 | 2027,103155
HRS-KOP4,HRS-KOP4 - Karmøy’s Coastal Charms,Excursion,1490,,,,Culture,False,False,karmoys-coastal-charms,Summer (Jun - Aug),,5gU2m1eEdaFY5xP7ewS0kw
HRS-KRS1,HRS-KRS1 - Kristiansand WWII History Tour,Excursion,1190,EUR,2 hours 30 minutes,Level 1: Easy - suitable for most people,Culture,False,False,kristiansand-wwii-history-tour,Spring (Apr - May) | Autumn (Sep - Oct) | Winter (Nov - Mar),2023 | 2024 | 2025 | 2026 | 2027,107074
HRS-KRS2,HRS-KRS2 - Green Walking Tour of Kristiansand ,Excursion,530,EUR,2 hours,Level 1: Easy - suitable for most people,Active,False,False,walking-tour-kristiansand,Spring (Apr - May) | Winter (Nov - Mar),2025 | 2026 | 2027,125504
HRS-KRS3,HRS-KRS3 - Norwegian Christmas at Skraastad Farm ,Excursion,1790,EUR,2 hours 30 minutes,Level 1: Easy - suitable for most people,"Culture, Food",False,False,norwegian-christmas-at-skraastad-farm,Winter (Nov - Mar),2023 | 2024 | 2025 | 2026 | 2027,107075
HRS-LYR1,HRS-LYR1 - Svalbard Wilderness and History Experience ,Excursion,1590,EUR,3 hours,Level 2: Moderate - some mobility needed,Active,False,False,svalbard-wilderness-and-history-experience,Spring (Apr - May) | Summer (Jun - Aug) | Autumn (Sep - Oct),2023 | 2024 | 2025 | 2026 | 2027,107040
HRS-LYR2,HRS-LYR2 - Dog Sledding on Wheels ,Excursion,3090,EUR,4 hours,Level 3: Active - good mobility needed,Active,False,False,dogsledding-on-wheels,Spring (Apr - May) | Summer (Jun - Aug) | Autumn (Sep - Oct),2023 | 2024 | 2025 | 2026 | 2027,107041
HRS-LYR4,HRS-LYR4 - Husky Dog Wagon Ride ,Excursion,2490,EUR,3 hours  ,Level 2: Moderate - some mobility needed,Active,False,False,husky-dog-wagon-ride,Summer (Jun - Aug) | Autumn (Sep - Oct),2025 | 2026 | 2027,124477
HRS-LYR5,HRS-LYR5 - Isfjord Safari by Open Boat ,Excursion,1550,EUR,3 hours,Level 3: Active - good mobility needed,Active,False,False,isfjord-safari,Summer (Jun - Aug) | Autumn (Sep - Oct),2025 | 2026 | 2027,124464
HRS-LYR6,HRS-LYR6 - Longyearbyen by E-bike  ,Excursion,1390,EUR,3 hours,Level 3: Active - good mobility needed,Active,False,False,longyearbyen-by-ebike,Summer (Jun - Aug),2025 | 2026 | 2027,124474
HRS-LYR7,HRS-LYR7 - Svalbard Hike and Fossil Hunt  ,Excursion,1390,EUR,3 hours,Level 4: Challenging - good mobility and fitness needed,Active,False,False,svalbard-hike-and-fossil-hunt,Summer (Jun - Aug) | Autumn (Sep - Oct),2025 | 2026 | 2027,124480
HRS-NVK1 ,HRS-NVK1 - Wonders of Wildlife at Polar Park  ,Excursion,2294,NOK,4 hours 15 minutes,,Nature,False,False,wonders-of-wildlife-at-polar-park,,2025 | 2026 | 2027,cFkhSYI0f1U7ziEjB4AXZ
HRS-NVK3 ,HRS-NVK3 - Self-Drive Dogsled Adventure ,Excursion,3908,NOK,3 hours 30 minutes,,"None, Active",False,False,self-drive-dogsled-adventure,Winter (Nov - Mar) | Spring (Apr - May),2025 | 2026 | 2027,5ciIPorcCMsnR1q6qmD8hG
HRS-NVK4 ,HRS-NVK4 - Sámi Cultural Encounter ,Excursion,1833,NOK,3 hours 30 minutes ,,Culture,False,False,sami-cultural-encounter,,2025 | 2026 | 2027,79DhNKxsvv8NFRhCSh7LRL
HRS-NVK5 ,HRS-NVK5 - Snowshoe Trek with Panoramic Views ,Excursion,1833,NOK,3 hours,,Active,False,False,snowshoe-trek-with-panoramic-views,,2025 | 2026 | 2027,ph7CFqdjkQoPyaN44VoVj
HRS-NVK6,HRS-NVK6 - The Arctic Train,Excursion,890,,3 hours,,Culture,False,False,the-arctic-train,Winter (Nov - Mar) | Spring (Apr - May) | Autumn (Sep - Oct),2005 | 2026,5Fgboz6JMZlWz78F6UaZy2
HRS-REI1,HRS-REI1  - Reine & Lofoten Scenery,Excursion,1990,,5 hours ,,None,False,False,reine-and-lofoten-scenery,Summer (Jun - Aug) | Autumn (Sep - Oct) | Spring (Apr - May),2024 | 2025 | 2026 | 2027,3MG9flxU9s6n0eyoXjeHPu
HRS-REI2,HRS-REI2 - Kayaking in Reine,Excursion,1990,EUR,3 hours,,Active,False,False,kayaking-in-reine,Spring (Apr - May) | Summer (Jun - Aug) | Autumn (Sep - Oct) | Winter (Nov - Mar),2024 | 2025 | 2026 | 2027,NXmvzxvzYcWzmS3rxHfHO
HRS-RVK1,HRS-RVK1 - Time Travel through the Coastal Town of Rørvik,Excursion,790,EUR,2 hours,Level 2: Moderate - some mobility needed,Culture,False,False,time-travel-through-the-coastal-town-of-rorvik,Spring (Apr - May) | Summer (Jun - Aug) | Autumn (Sep - Oct),2025 | 2026,113334
HRS-RVK2,HRS-RVK2 - Nærøya: The island of the Gods,Excursion,2390,EUR,3 hours,Level 2: Moderate - some mobility needed,Culture,False,False,naeroya-island,Spring (Apr - May) | Winter (Nov - Mar),2025 | 2026,124483
HRS-SAE1,HRS-SAE1 - Hidden treasures of the Hjørundfjord,Excursion,1990,EUR,4 hours 40 minutes ,,None,False,False,hidden-treasures-of-the-hjorundfjord,Summer (Jun - Aug) | Spring (Apr - May),2024 | 2025 | 2026 | 2027,6q9sWhTFrtdNoo2gD26jbD
HRS-SAE2,HRS-SAE2 - Hike in Urke Valley,Excursion,1490,EUR,3 hours 10 minutes,Level 4: Challenging - good mobility and fitness needed,"Active, Nature",False,False,walk-through-the-urke-valley,Spring (Apr - May) | Summer (Jun - Aug),2024 | 2025 | 2026 | 2027,101917
HRS-SVG1,HRS-SVG1 - On the trail of the Vikings,Excursion,1090,EUR,3 hours ,,Active,False,False,on-the-trail-of-the-vikings,Spring (Apr - May) | Summer (Jun - Aug) | Autumn (Sep - Oct) | Winter (Nov - Mar),2024 | 2025 | 2026,2W8cmIDksEHwGnncFngxL3
HRS-SVG2,HRS-SVG2 - Walking tour in the old town of Stavanger,Excursion,790,EUR,2 hours 30 minutes ,,"Active, Culture",False,False,walking-tour-in-the-old-town-of-stavanger,Spring (Apr - May) | Summer (Jun - Aug) | Autumn (Sep - Oct) | Winter (Nov - Mar),2024 | 2025 | 2026,2ztctTl3lhzCJTmMViyJbh
HRS-SVJ1,HRS-SVJ1 - Lofoten Scenery & Henningsvær - winter,Excursion,1490,EUR,2 hours 30 minutes,Level 1: Easy - suitable for most people,Culture,False,False,lofoten-winter-art-history-and-henningsvar,Spring (Apr - May) | Autumn (Sep - Oct) | Winter (Nov - Mar),2023 | 2024 | 2025 | 2026 | 2027,107077
HRS-SVJ2,HRS-SVJ2 - Fishing in Lofoten - Summer ,Excursion,1990,EUR,3 hours 15 minutes,Level 2: Moderate - some mobility needed,Nature,False,False,fishing-in-lofoten-summer,Spring (Apr - May) | Summer (Jun - Aug) | Autumn (Sep - Oct),2024 | 2025 | 2026 | 2027,103043
HRS-SVJ2,HRS-SVJ2 - Fishing in Lofoten - Winter,Excursion,1790,EUR,2 hours 45 minutes,Level 3: Active - good mobility needed,Active,False,False,fishing-in-lofoten-winter,Spring (Apr - May) | Autumn (Sep - Oct) | Winter (Nov - Mar),2024 | 2025 | 2026,103148
HRS-SVJ3,HRS-SVJ3 - Kayaking in Lofoten - Summer (RIKTIG),Excursion,1990,EUR,3 hours,Level 4: Challenging - good mobility and fitness needed,Active,False,False,kayaking-in-lofoten-summer,Spring (Apr - May) | Summer (Jun - Aug) | Autumn (Sep - Oct),2024 | 2025 | 2026 | 2027,103044
HRS-SVJ3,HRS-SVJ3 - Kayaking in Lofoten - Winter,Excursion,1990,EUR,2 hours 30 minutes,Level 4: Challenging - good mobility and fitness needed,Active,False,False,kayaking-in-lofoten-winter,Spring (Apr - May) | Autumn (Sep - Oct) | Winter (Nov - Mar),2023 | 2024 | 2025 | 2026,103149
HRS-SVJ4,HRS-SVJ4 - Lofoten RIB & Sea Eagle Adventure,Excursion,1590,EUR,1 hour 30 minutes  ,Level 3: Active - good mobility needed,None,False,False,lofoten-rib-sea-eagle-adventure,Summer (Jun - Aug) | Autumn (Sep - Oct),2025 | 2026,124501
HRS-SVJ5,HRS-SVJ5 - Lofoten Scenery & Henningsvær - Summer,Excursion,1490,EUR,2 hours 30 minutes,Level 1: Easy - suitable for most people,"None, Nature",False,False,lofoten-scenery-henningsvar,Spring (Apr - May) | Summer (Jun - Aug) | Autumn (Sep - Oct),2025 | 2026 | 2027,112496
HRS-TOR1,HRS-TOR1 - Senja Scenic Route by Bus,Excursion,1590,,3 hours ,,None,False,False,senja-scenic-route-by-bus,Summer (Jun - Aug) | Spring (Apr - May) | Autumn (Sep - Oct),2024 | 2025 | 2026 | 2027,5ZXiR0YZbutYJ7vuE1sk5k
HRS-TOR2,HRS-TOR2 - Scenic Guided E-bike Tour,Excursion,1790,EUR,2 hours 30 minutes,Level 4: Challenging - good mobility and fitness,Active,False,False,scenic-guided-e-bike-tour,Spring (Apr - May) | Summer (Jun - Aug) | Autumn (Sep - Oct),2023 | 2024 | 2025 | 2026 | 2027,107051
HRS-TOR3,HRS-TOR3 - Senja Wildlife Safari,Excursion,3150,EUR,2h 45min,Level 2: Moderate - some mobility needed,Nature,False,False,senja-wildlife-safari,Spring (Apr - May) | Summer (Jun - Aug) | Autumn (Sep - Oct),2024 | 2025 | 2026 | 2027,107052
HRS-TOR4,HRS-TOR4 - Fjord Adventure by RIB,Excursion,1790,EUR,2 hours,Level 2: Moderate - some mobility needed,Active,False,False,rib-fjord-adventure,Summer (Jun - Aug),2025 | 2026 | 2027,124504
HRS-TOS1,"HRS-TOS1 - Tromsø, The Arctic Capital",Excursion,1690,EUR,3 hours 30 minutes,Level 1: Easy - suitable for most people,Culture,False,False,the-arctic-capital-of-norway-tromso,Spring (Apr - May) | Summer (Jun - Aug) | Autumn (Sep - Oct) | Winter (Nov - Mar),2023 | 2024 | 2025 | 2026 | 2027,107036
HRS-TOS2,HRS-TOS2 - Tromsø On Foot – The City & Its Polar History,Excursion,890,EUR,3.5 hours,Level 2: Moderate - some mobility needed,Culture,False,False,tromso-on-foot,Spring (Apr - May) | Summer (Jun - Aug) | Autumn (Sep - Oct),2023 | 2024 | 2025 | 2026 | 2027,107038
HRS-TOS3,HRS-TOS3 - Explore Tromsø by E-bike  (autumn),Excursion,1590,EUR,3 hours,Level 3: Active - good mobility needed,Active,False,False,tromso-by-ebike-autumn,Spring (Apr - May) | Summer (Jun - Aug) | Autumn (Sep - Oct),2025 | 2026 | 2027,124511
HRS-TOS3,HRS-TOS3 - Explore Tromsø by E-bike  (summer),Excursion,1790,EUR,3 hours,Level 3: Active - good mobility needed,Active,False,False,tromso-by-ebike-spring-summer,Spring (Apr - May) | Summer (Jun - Aug) | Autumn (Sep - Oct),2025 | 2026 | 2027,124507
HRS-TOS5,HRS-TOS5 - The Northernmost Brewery ,Excursion,1290,EUR,1 hour 30 minutes,Level 2: Moderate - some mobility needed,Food,False,False,the-northernmost-brewery,Spring (Apr - May) | Summer (Jun - Aug) | Autumn (Sep - Oct),2024 | 2025 | 2026 | 2027,107039
HRS-TOS6,HRS-TOS6 - Cross-country skiing in Tromsø ,Excursion,1290,EUR,3 hours,Level 3: Active - good mobility needed,Active,False,False,cross-country-skiing-tromso,Winter (Nov - Mar) | Spring (Apr - May),2024 | 2025 | 2026 | 2027,99668
HRS-TOS8,HRS-TOS8 - Dog Sledding in Winter Wonderland,Excursion,3390,EUR,3 hours 30 minutes,Level 3: Active - good mobility needed,Active,False,False,dog-sledding-in-winter-wonderland,Spring (Apr - May) | Winter (Nov - Mar),2023 | 2024 | 2025 | 2026 | 2027,105355
HRS-TRN1,"HRS-TRN1 - Træna Culture Walk – Poetry, Art, and Heritage ",Excursion,1090,EUR,2 hours 30 minutes,Level 2: Moderate - some mobility needed,Culture,False,False,traena-culture-walk,Spring (Apr - May) | Summer (Jun - Aug) | Autumn (Sep - Oct),2023 | 2024 | 2025 | 2026 | 2027,107025
HRS-TRN3,HRS-TRN3 - Træna Island Hopping  ,Excursion,3490,EUR,3 hours,Level 2: Moderate - some mobility needed,Nature,False,False,traena-island-hopping,Spring (Apr - May) | Summer (Jun - Aug) | Autumn (Sep - Oct),2023 | 2024 | 2025 | 2026 | 2027,107035
INCL-AES3,INCL-AES3 - Ålesund - The Norwegian Aquarium,Pre-programme,0,EUR,2 hours ,Level 2: Moderate - some mobility needed,None,False,False,alesund-the-norwegian-aquarium,Winter (Nov - Mar) | Spring (Apr - May) | Summer (Jun - Aug) | Autumn (Sep - Oct),2025 | 2026 | 2027,69888
INCL-ALF2,INCL-ALF2 - Experience the Northern Lights Cathedral,Excursion,0,EUR,1.5 hours,Level 2: Moderate - some mobility needed,Culture,False,False,alta-experience-the-northern-lights-cathedral,Winter (Nov - Mar) | Spring (Apr - May) | Autumn (Sep - Oct),2025 | 2026 | 2027,69874
INCL-EGE1,INCL-EGE1 - Guided Town Walk (OLD),Excursion,0,EUR,1hr30,Level 2: Moderate - some mobility needed,None,False,False,egersund-guided-town-walk,Winter (Nov - Mar) | Spring (Apr - May) | Summer (Jun - Aug) | Autumn (Sep - Oct),2022 | 2023 | 2024,108352
INCL-FLM1,INCL-FLM1 - Flåm - Stegastein Viewpoint (OLD),Excursion,0,EUR,30 minutes scenic drive each way,Level 1: Easy - suitable for most people,Nature,False,False,stegastein-viewpoint,Winter (Nov - Mar) | Spring (Apr - May) | Summer (Jun - Aug) | Autumn (Sep - Oct),2023 | 2024,99288
INCL-HVG1,INCL-HVG1 - Honningsvåg - The North Cape,Pre-Post-programme,0,EUR,3 hours,Level 1: Easy - suitable for most people,Nature,False,False,honningsvag-the-north-cape,Winter (Nov - Mar) | Spring (Apr - May) | Summer (Jun - Aug) | Autumn (Sep - Oct),2025 | 2026 | 2027,61514
INCL-REI1,INCL-REI1 - Reine - The Fishing Village of Å ,Excursion,0,EUR,1-2 hours,Level 2: Moderate - some mobility needed,Culture,False,False,reine-fishing-museum-in-a,Winter (Nov - Mar) | Spring (Apr - May) | Summer (Jun - Aug) | Autumn (Sep - Oct),2025 | 2026 | 2027,61522
INCL-TOS4,INCL-TOS4 - The Polar Museum ,Excursion,0,EUR,At guests’ discretion,Level 2: Moderate - some mobility needed,None,False,False,the-polar-museum,Winter (Nov - Mar) | Spring (Apr - May) | Summer (Jun - Aug) | Autumn (Sep - Oct),2023 | 2024 | 2025 | 2026 | 2027,92529
KKN1A,KKN1A - Snowhotel – A Unique Winter Experience,Pre-Post-programme,2500,EUR,2 days,Level 1: Easy - suitable for most people added,None,False,False,snowhotel-winter-experience,Spring (Apr - May) | Summer (Jun - Aug) | Autumn (Sep - Oct) | Winter (Nov - Mar),,81566
KKN2,KKN2 - Gamme Cabins by Kirkenes Snowhotel,Pre-Post-programme,2600,EUR,2 days,Level 1: Easy - suitable for most people added,None,False,False,gamme-cabins-by-kirkenes-snowhotel,Spring (Apr - May) | Summer (Jun - Aug) | Autumn (Sep - Oct) | Winter (Nov - Mar),,81575
"N1400KL2,NINBB1400WI",Norway in a Nutshell | 1 day  ,Pre-Post-programme,2750,EUR,9 hours,Level 1: Easy - suitable for most people added,Nature,False,False,norway-in-a-nutshell,Spring (Apr - May) | Summer (Jun - Aug) | Autumn (Sep - Oct) | Winter (Nov - Mar),,17528
"N1404KL2OBFLAM, CENNINBBFLSU24, CENNINBBFLWI24, CENNINBBFLWI25",Norway in a Nutshell | Overnight Flåm,Pre-Post-programme,4650,EUR,2 days,Level 1: Easy - suitable for most people added,Nature,False,False,norway-in-a-nutshell-2-day-flam,Winter (Nov - Mar) | Spring (Apr - May) | Summer (Jun - Aug) | Autumn (Sep - Oct),,91996
"N1404KL2OBFLVO, CENNINBOVFWI25, CENNINOBFVWI25, CENNINBOVFSU25, CENNINOBFVSU25 ","Norway In A Nutshell  | 3 days Flåm and Voss (N1404KL2OBFLVO, CENNINBOVFWI25, CENNINOBFVWI25)",Pre-Post-programme,8891,EUR,3 days,Level 1: Easy - suitable for most people,Nature,False,False,norway-in-a-nutshell-3-days-self-guided-tour,Spring (Apr - May) | Summer (Jun - Aug) | Autumn (Sep - Oct) | Winter (Nov - Mar),,64992
"N1404KL2OBVOSS, CENNINBBVOSU24, CENNINBBVOWI24",Norway in a Nutshell | Overnight Voss,Pre-Post-programme,4800,EUR,2 days,Level 1: Easy - suitable for most people added,Nature,False,False,norway-in-a-nutshell-2-day-voss,Spring (Apr - May) | Summer (Jun - Aug) | Autumn (Sep - Oct) | Winter (Nov - Mar),,91997
